2025-10-08T00:47:40.019466,692.676,437.8737831,0.03559164,ev,0.07,7.116286759,48
2025-10-08T00:48:02.816935,211.277,80.16157532,-0.019770564,petrol,0.192,2.607711627,66
2025-10-08T00:48:05.036368,210.458,80.50149536,-0.004558263,petrol,0.192,2.607711627,66
2025-10-08T00:48:07.127287,215.906,70.26419067,0.016897679,petrol,0.192,2.607711627,65
2025-10-08T09:54:33.571603,22.795,150.3869629,0.046518987,petrol,0.192,2.305693416,46
2025-10-08T09:54:35.620293,22.892,117.0275269,0.063915607,petrol,0.192,2.305693416,46
2025-10-08T09:54:37.683926,29.184,146.4216919,0.099321407,petrol,0.192,2.305693416,43
2025-10-08T10:06:31.281459,12.583,98.64349365,-0.024229075,petrol,0.192,2.607711627,46
2025-10-08T14:04:05.067869,13.177,86.68652344,-0.010714286,ev,0.07,5.334407536,47
2025-10-08T14:04:48.534614,22.795,150.3869629,0.001582278,ev,0.07,5.334407536,47
2025-10-08T14:04:51.195328,29.184,146.4216919,0.018815546,ev,0.07,5.334407536,39
2025-10-08T14:04:54.160150,22.892,117.0275269,0.027614024,ev,0.07,5.307515285,47
2025-10-08T22:39:32.431427,443.661,506.0403442,0.065986445,petrol,0.192,3.047456586,36
2025-10-08T22:39:34.467358,468.154,505.4354248,0.02635605,petrol,0.192,4.616559082,35
2025-10-08T22:39:36.393389,476.735,565.0992126,0.036988566,petrol,0.192,4.770086694,36
2025-10-08T22:41:06.584413,506.33,682.3415222,-0.005728755,diesel,0.171,4.779701018,53
2025-10-08T22:41:08.567213,484.92,681.1767273,-2.99E-05,diesel,0.171,4.779701018,56
2025-10-08T22:41:10.626595,509.644,413.2540894,-0.017602965,diesel,0.171,3.762137728,48
2025-10-08T22:41:50.619005,415.747,749.0027313,-0.0026421,diesel,0.171,3.650707648,38
2025-10-08T22:41:52.539523,427.936,832.5366211,-0.038866691,diesel,0.171,3.650707648,38
2025-10-08T22:41:54.479509,458.054,727.3179321,-0.002164083,diesel,0.171,4.832974732,45
2025-10-08T22:42:15.808975,657.876,1210.801399,0.008001744,diesel,0.171,6.459874487,75
2025-10-08T22:42:17.853665,605.798,1110.890377,0.033829206,diesel,0.171,6.421554639,56
2025-10-08T22:42:19.755405,597.486,1183.982544,0.023082357,diesel,0.171,6.459874487,55
2025-10-08T22:47:08.914190,657.876,1210.801399,0.006889785,petrol,0.192,6.477458266,75
2025-10-08T22:47:10.985893,664.533,1261.09301,-0.004515617,petrol,0.192,6.477458266,56
2025-10-08T22:47:13.072643,605.798,1110.890377,0.035325498,petrol,0.192,6.439138419,56
2025-10-08T22:47:48.710334,739.224,1069.782318,0.035785497,ev,0.07,8.922555182,57
2025-10-08T22:47:50.904080,742.147,1096.634308,0.016667012,ev,0.07,8.940694928,57
2025-10-08T22:48:07.179844,526.726,917.4043579,0.018025751,ev,0.07,8.091081683,52
2025-10-08T22:48:09.467812,579.443,728.9838257,-0.005462576,ev,0.07,7.587511625,59
2025-10-08T22:48:12.000872,608.461,824.0298462,0.032346417,ev,0.07,7.545446939,60
2025-10-08T22:49:20.748432,2.336,21.82769775,-0.13372093,ev,0.07,4.344385874,46
2025-10-08T22:49:22.926330,2.881,33.73858643,-0.164634146,ev,0.07,4.344385874,46
2025-10-08T22:49:25.400986,2.776,29.83929443,-0.166936791,ev,0.07,4.344385874,46
2025-10-08T22:51:57.818653,4.794,30.85205078,-0.225204201,petrol,0.192,1.627947169,46
2025-10-08T22:52:00.003956,5.28,32.17401123,-0.179341657,petrol,0.192,1.619643718,50
2025-10-08T22:59:42.947793,10.476,66.88330078,-0.200623053,petrol,0.192,1.627947169,46
2025-10-08T22:59:45.281349,11.299,63.99285889,-0.15917504,petrol,0.192,1.619643718,48
2025-10-08T23:00:23.670939,10.694,77.08850098,-0.255211268,petrol,0.192,1.627947169,41
2025-10-08T23:00:25.614536,11.572,84.45654297,-0.146591492,petrol,0.192,1.619643718,47
2025-10-08T23:00:27.592034,11.887,79.08013916,-0.088417787,petrol,0.192,1.619643718,44
2025-10-08T23:06:29.935733,6.297,47.76745605,-0.176961603,ev,0.07,4.344385874,45
2025-10-08T23:06:32.417283,6.516,43.77264404,-0.128787879,ev,0.07,4.344385874,45
2025-10-08T23:06:34.542615,6.188,35.05993652,-0.07008547,ev,0.07,5.334407536,45
2025-10-08T23:07:01.351415,6.301,51.32275391,-0.167846309,petrol,0.192,1.619643718,42
2025-10-08T23:07:03.428511,6.899,51.74359131,-0.131995776,petrol,0.192,1.619643718,42
2025-10-08T23:07:05.440717,6.684,59.72406006,-0.171992481,petrol,0.192,1.619643718,43
2025-10-08T23:07:47.617629,5.143,50.62579346,-0.169278997,petrol,0.192,1.619643718,42
2025-10-08T23:07:49.609900,4.132,36.49627686,-0.037209302,petrol,0.192,2.607711627,43
2025-10-08T23:09:24.378808,3.934,49.81866455,-0.192546584,ev,0.07,4.348781819,45
2025-10-08T23:09:26.242295,4.728,57.07684326,-0.205399061,ev,0.07,4.348781819,45
2025-10-08T23:09:49.057814,5.344,61.96368408,-0.138203356,ev,0.07,4.344385874,46
2025-10-08T23:09:50.944893,6.138,74.69018555,-0.149056604,ev,0.07,4.344385874,45
2025-10-08T23:09:53.606962,5.344,61.96368408,-0.138203356,ev,0.07,4.344385874,46
2025-10-08T23:09:55.704533,6.138,74.69018555,-0.149056604,ev,0.07,4.344385874,45
2025-10-08T23:10:04.017284,2.152,35.62078857,-0.103942652,ev,0.07,4.344385874,46
2025-10-08T23:10:05.817670,2.245,33.06750488,-0.104712042,ev,0.07,4.344385874,46
2025-10-08T23:10:36.667924,2.153,33.51556396,-0.076470588,diesel,0.171,2.175842023,46
2025-10-08T23:10:38.472131,3.356,43.54473877,-0.235023041,diesel,0.171,1.598152432,46
2025-10-08T23:10:40.260471,2.564,31.04394531,-0.148788927,diesel,0.171,1.589848981,46
2025-10-08T23:13:00.506281,601.612,830.7643127,-0.049449424,petrol,0.192,4.850558511,44
2025-10-08T23:13:02.909831,608.989,794.9558105,-0.029244159,petrol,0.192,4.850558511,44
2025-10-08T23:13:13.026883,601.601,827.207489,-0.048903576,diesel,0.171,4.832974732,44
2025-10-08T23:13:15.463536,608.989,794.9558105,-0.029295964,diesel,0.171,4.832974732,44
2025-10-08T23:13:44.553136,601.601,827.207489,-0.04857055,ev,0.07,7.587511625,44
2025-10-08T23:13:46.628223,608.989,794.9558105,-0.028881521,ev,0.07,7.587511625,44
2025-10-08T23:14:24.768958,323.357,608.2188911,-0.031035441,ev,0.07,6.351970826,78
2025-10-08T23:14:48.847177,849.412,1890.095207,0.024238678,diesel,0.171,6.560616823,38
2025-10-08T23:14:50.967950,866.404,1925.475155,0.021471955,diesel,0.171,6.560616823,38
2025-10-08T23:14:53.159256,875.591,1793.60257,0.019443566,diesel,0.171,6.560616823,38
2025-10-08T23:18:48.934563,544.689,1360.428604,0.018689141,petrol,0.192,6.477458266,57
2025-10-08T23:18:50.983785,603.175,1311.613266,0.00903621,petrol,0.192,6.477458266,70
2025-10-09T06:11:21.467032,786.856,798.3148651,-0.003512417,petrol,0.192,150.9109195,32
2025-10-09T06:11:24.539487,976.113,1072.843369,-0.001542268,petrol,0.192,187.4460661,34
2025-10-09T06:11:27.408203,809.014,927.2636414,-0.008111585,petrol,0.192,154.7518693,35
2025-10-04T16:36:56.772572,665.5493002,585.5951534,0.339128015,diesel,0.171,137.0869206,142
2025-09-10T12:11:56.772667,41.60044491,692.9409166,0.340724758,petrol,0.192,9.780408576,191
2025-08-12T07:57:56.772765,678.9669867,665.9541126,0.088020422,petrol,0.192,137.3809704,60
2025-08-11T09:03:56.772860,367.8047457,345.5560149,0.139298941,petrol,0.192,76.59265345,98
2025-08-23T05:06:56.772939,205.2091093,293.0894746,0.24644549,petrol,0.192,45.29073654,90
2025-08-14T11:03:56.773030,415.0977836,37.16033018,0.344904154,diesel,0.171,85.67852466,60
2025-08-22T17:13:56.773100,659.5990272,450.6305743,0.200520727,petrol,0.192,141.9766733,129
2025-08-14T10:24:56.773170,169.4768008,546.6108151,0.346497828,petrol,0.192,39.43124298,47
2025-08-15T05:08:56.773236,128.3830254,604.2891283,0.226351318,diesel,0.171,25.05238641,93
2025-09-16T09:35:56.773301,22.88799143,673.8278197,0.242340187,diesel,0.171,4.614914595,53
2025-08-07T16:09:56.773382,62.85625893,156.7862899,-0.020602262,bus,0.27,16.80321198,79
2025-09-12T14:57:56.773448,190.6729732,662.9900073,0.181889662,diesel,0.171,36.28913837,163
2025-09-05T13:51:56.773514,53.11089993,789.5095493,0.4519591,bike,0.103,7.057238415,175
2025-10-06T13:40:56.773580,495.0932833,583.2057344,0.451325725,bike,0.103,64.88005223,44
2025-08-08T03:26:56.773643,81.99247261,690.4827407,0.355143782,diesel,0.171,17.15156639,72
2025-08-21T00:29:56.773704,468.5200356,532.7378853,0.334343562,diesel,0.171,96.29824619,74
2025-08-06T20:39:56.773766,680.2267547,679.1310594,0.419124189,diesel,0.171,145.7153179,181
2025-09-04T07:26:56.773829,497.7533599,88.71265665,0.235568726,petrol,0.192,109.0958758,102
2025-08-20T02:31:56.773906,220.7348308,406.8565529,0.539918208,ev,0.07,20.4946519,190
2025-09-23T13:22:56.773989,529.1302458,183.0385324,3.69E-05,diesel,0.171,90.51457782,125
2025-08-22T00:18:56.774334,565.8761453,506.7230052,0.516449384,bus,0.27,200.3096839,67
2025-08-23T14:59:56.774405,618.412901,259.4760168,0.029357171,diesel,0.171,107.6564459,168
2025-08-04T04:05:56.774469,572.7923214,688.5844666,-0.045481115,diesel,0.171,95.38916516,194
2025-08-05T01:44:56.774532,485.012787,215.529867,0.108681589,diesel,0.171,88.38469266,98
2025-08-12T06:10:56.774594,391.1132994,323.0689368,-0.007820039,petrol,0.192,74.80315001,91
2025-09-20T11:25:56.774656,348.5767056,240.7026479,0.135146321,petrol,0.192,72.40363046,120
2025-09-06T14:24:56.774737,288.3148723,26.44058632,0.174296311,bus,0.27,85.99376049,168
2025-09-02T11:19:56.774800,343.1274794,788.5203633,0.107335926,petrol,0.192,70.28442725,107
2025-08-24T09:28:56.774861,167.1086433,582.5730789,0.189059036,bike,0.103,19.23147404,155
2025-09-03T03:58:56.774922,571.6858794,638.6761,0.047966404,diesel,0.171,100.6841102,109
2025-10-01T02:50:56.774988,414.0341673,542.0514895,-0.039217911,petrol,0.192,77.72561871,186
2025-10-01T07:50:56.775053,122.8821339,552.7501905,0.201377975,ev,0.07,9.684438699,121
2025-09-17T23:55:56.775130,239.4053794,90.77881699,0.551050852,petrol,0.192,61.18673192,81
2025-10-07T14:52:56.775211,123.293494,785.7346747,0.285813329,petrol,0.192,27.90860682,152
2025-10-03T21:41:56.775285,675.8281266,446.6347629,0.523713623,bus,0.27,239.970423,48
2025-08-29T01:01:56.775350,508.4430195,717.688208,0.526606176,petrol,0.192,128.6471062,159
2025-09-05T11:07:56.775412,59.81383553,129.3029713,0.534060223,ev,0.07,5.540576023,123
2025-08-16T05:16:56.775476,658.1532763,778.9310694,0.134548634,diesel,0.171,121.7737622,149
2025-08-06T13:29:56.775540,456.7209204,179.4154476,0.412916494,ev,0.07,39.90681427,72
2025-09-08T10:37:56.775601,257.1616804,595.3364184,0.418610951,petrol,0.192,61.91941685,167
2025-08-14T13:12:56.775663,356.6610397,509.0660945,0.112800182,diesel,0.171,65.20972441,197
2025-09-01T12:16:56.775725,341.2327649,724.8790302,0.232356338,bus,0.27,105.20044,60
2025-09-07T07:07:56.775787,468.5779177,691.3340521,0.099620424,ev,0.07,34.81229731,87
2025-09-08T20:17:56.775848,538.219256,34.8830174,0.596457832,diesel,0.171,124.9807668,197
2025-08-02T20:29:56.775909,618.5623216,598.1750191,0.569496701,petrol,0.192,159.4994712,132
2025-10-04T19:19:56.775970,401.032436,784.265267,-0.001024934,diesel,0.171,68.66840159,199
2025-08-24T03:16:56.776031,340.2106321,298.1494937,0.206549453,petrol,0.192,73.47992126,93
2025-09-14T04:44:56.776092,50.22087546,167.1349741,0.386243286,bus,0.27,16.7576118,190
2025-08-15T19:52:56.776160,207.4081213,258.0406114,0.501635367,petrol,0.192,51.87259712,176
2025-10-01T15:34:56.776222,206.2206991,647.4889244,0.476573707,diesel,0.171,45.48958272,192
2025-08-16T04:06:56.776283,358.4283368,401.2130357,0.468891866,bus,0.27,124.1408441,104
2025-09-16T18:04:56.776344,557.2590759,712.0042735,0.169696852,ev,0.07,43.03478492,131
2025-09-04T02:41:56.776405,405.2178186,28.75381904,0.252638712,petrol,0.192,89.60162987,102
2025-08-03T20:56:56.776466,602.4228282,200.2010884,-0.024757423,bike,0.103,61.14815353,54
2025-08-09T12:39:56.776528,229.329218,662.295203,0.126502895,diesel,0.171,42.31365393,147
2025-08-19T14:46:56.776589,37.1255231,425.0837053,0.301412829,petrol,0.192,8.513577135,94
2025-08-18T18:14:56.776651,683.1206035,413.0402786,0.159921707,ev,0.07,52.4384535,184
2025-10-04T21:52:56.776712,307.8410231,62.76510507,-0.033522017,petrol,0.192,57.92848408,156
2025-09-06T23:26:56.776792,487.4859701,327.1623555,0.062641308,bike,0.103,52.13319086,40
2025-09-29T16:01:56.776857,500.50255,528.1579014,0.131957033,diesel,0.171,92.45960138,55
2025-08-23T08:46:56.776919,388.4934827,489.376597,0.222740041,ev,0.07,30.86776658,115
2025-08-15T07:09:56.776980,84.99508882,273.5037334,0.009669393,petrol,0.192,16.46655165,86
2025-08-04T05:43:56.777041,685.6778595,140.2642159,-0.038845284,petrol,0.192,128.6080596,124
2025-08-02T10:02:56.777104,325.8069952,519.8189461,-0.018761699,petrol,0.192,61.9494426,108
2025-09-09T21:26:56.777168,262.8542176,500.6879326,0.277038568,petrol,0.192,58.96907234,40
2025-08-08T18:38:56.777231,114.8911645,56.45499792,0.367572531,ev,0.07,9.820900039,167
2025-08-02T02:05:56.777292,403.2564503,310.535941,0.368137342,bus,0.27,133.0311149,140
2025-10-06T16:48:56.779568,633.8400987,156.6329078,-0.004915154,bus,0.27,170.6742945,134
2025-08-08T11:13:56.779693,67.01562957,546.4054187,-0.003727379,petrol,0.192,12.94289998,47
2025-08-07T19:53:56.779768,17.26708308,651.5747861,0.133205604,bike,0.103,1.993130056,97
2025-09-12T03:05:56.779835,655.7170581,31.34906134,0.221664921,petrol,0.192,142.6487536,177
2025-08-29T01:10:56.779919,564.9774827,792.4041136,0.21820149,bike,0.103,65.90362158,135
2025-08-22T12:11:56.779987,393.7448178,190.8774878,0.391899107,bike,0.103,50.11624893,62
2025-08-24T01:07:56.780050,631.8844818,404.201898,0.487197353,petrol,0.192,156.886715,125
2025-09-14T13:11:56.780112,38.38622243,766.8331975,0.500643044,petrol,0.192,9.775503088,48
2025-08-09T16:41:56.780174,474.0621632,386.0167597,0.270466678,bus,0.27,148.8892411,183
2025-08-27T23:35:56.780236,422.1062072,442.9624419,0.088273132,petrol,0.192,85.42637045,92
2025-10-02T13:13:56.780315,80.31175681,744.7432845,0.583261336,bike,0.103,11.27054568,181
2025-09-22T15:16:56.780378,382.5951233,564.6651871,0.579623764,ev,0.07,36.14890298,48
2025-08-05T09:16:56.780455,606.941225,670.784611,0.226959459,bike,0.103,71.10646049,176
2025-09-29T10:54:56.780520,103.4767704,410.660935,0.101598247,bike,0.103,11.35269088,175
2025-08-06T15:54:56.780590,616.3716181,189.3481549,0.540000909,bike,0.103,84.08168673,84
2025-09-21T11:32:56.780673,496.0186557,385.3335904,0.195691934,diesel,0.171,94.85187769,130
2025-09-17T23:06:56.780780,78.72704013,394.1000834,-0.042620131,bus,0.27,20.81641901,165
2025-08-27T05:52:56.780861,83.1508465,519.3682417,0.434929172,petrol,0.192,20.25688033,131
2025-08-23T01:40:56.780932,334.9227087,66.31305735,0.293440579,diesel,0.171,67.36863834,156
2025-08-05T04:25:56.781008,678.9452999,34.52792956,0.529243024,petrol,0.192,171.7607098,157
2025-08-20T05:35:56.781090,52.58379875,443.0834275,0.580046648,bus,0.27,19.30006476,185
2025-08-22T05:15:56.781165,487.3283336,363.6328518,0.357912752,ev,0.07,41.46958695,157
2025-09-22T09:42:56.781240,32.76701986,224.7705517,0.567767465,bus,0.27,11.94231317,141
2025-09-16T21:00:56.781315,194.8894469,150.4969278,0.251403963,ev,0.07,15.71221629,99
2025-09-12T14:13:56.781380,252.8812215,207.9598903,0.24460655,petrol,0.192,55.72484053,184
2025-09-07T11:36:56.781442,569.8427188,547.784938,0.055701011,petrol,0.192,113.1750336,85
2025-08-29T16:00:56.781505,508.2779364,490.7321567,0.221857974,bus,0.27,155.653191,95
2025-10-03T04:46:56.781567,32.6078504,21.0935796,0.194701188,bike,0.103,3.75339009,104
2025-08-19T17:07:56.781628,264.34054,599.66264,0.205443142,bus,0.27,80.35153862,98
2025-09-10T14:38:56.781697,45.39476888,29.45749411,0.037003877,diesel,0.171,7.940000229,188
2025-09-03T21:29:56.781763,484.5083636,427.47702,0.437441987,petrol,0.192,117.5452069,42
2025-08-30T21:04:56.781825,508.55847,605.6649616,0.195602857,diesel,0.171,97.28540732,124
2025-09-07T09:58:56.781886,176.7582652,219.7854376,0.084697972,petrol,0.192,35.70659709,152
2025-09-04T08:59:56.781952,251.3557399,90.84607376,0.386522577,ev,0.07,21.68323188,157
2025-08-08T14:37:56.782016,596.6748687,441.525471,0.314609681,diesel,0.171,121.3811956,96
2025-08-05T23:47:56.782092,21.11909074,604.1098045,0.353201208,petrol,0.192,5.054745016,105
2025-08-18T23:08:56.782169,96.32366144,11.63573253,0.177881913,petrol,0.192,20.47047962,137
2025-08-21T07:28:56.782236,306.7949705,723.3269556,0.176366054,diesel,0.171,58.15022077,118
2025-08-09T08:52:56.782302,603.7922324,759.6164989,0.045597763,ev,0.07,43.47641031,184
2025-09-13T15:15:56.782366,47.29894852,36.68901312,0.353523695,bike,0.103,5.90974852,165
2025-08-20T04:47:56.782430,239.7526841,429.8107334,0.249077453,diesel,0.171,47.20915355,119
2025-08-11T20:14:56.782492,488.669634,144.0538179,0.402725953,diesel,0.171,103.7847671,64
2025-08-30T09:13:56.782556,467.6228592,137.855897,0.074987862,diesel,0.171,83.58591847,186
2025-09-27T07:14:56.782618,195.734647,141.6083874,0.007656647,petrol,0.192,37.78101285,40
2025-09-22T20:20:56.782679,255.6246329,402.7338167,0.398756639,petrol,0.192,60.91832332,112
2025-09-02T09:05:56.782741,439.9023723,65.40722556,0.517826106,bike,0.103,59.39637764,102
2025-08-12T17:03:56.782801,607.9424738,67.61360614,0.338230753,petrol,0.192,140.428553,86
2025-09-27T09:53:56.782864,166.0454566,607.9643272,0.29532274,bus,0.27,52.96950394,169
2025-08-11T05:04:56.782926,104.2696252,106.4935429,0.396657579,petrol,0.192,24.80967665,190
2025-09-14T03:27:56.782988,22.30003476,693.7719849,0.180195336,ev,0.07,1.783588295,154
2025-08-03T17:59:56.783050,516.4462391,145.8271028,0.31657731,petrol,0.192,118.0256375,56
2025-10-03T19:00:56.783111,375.1995592,186.5731292,0.172902462,petrol,0.192,79.55121489,64
2025-09-30T01:51:56.783187,349.4110971,69.53623047,0.299119252,bike,0.103,42.45685386,73
2025-08-11T06:02:56.783264,302.7300228,102.0642422,0.134454339,ev,0.07,22.90836379,45
2025-08-29T07:25:56.783340,399.974035,284.8773807,0.591234912,ev,0.07,37.95729966,160
2025-08-31T01:23:56.783409,158.5076256,292.2854557,0.267076371,petrol,0.192,35.37541121,133
2025-09-21T19:23:56.783472,564.2995558,44.52279149,0.497504123,petrol,0.192,140.698019,170
2025-08-09T00:15:56.783535,488.1760622,797.8044278,0.532796671,petrol,0.192,123.8953067,114
2025-10-01T10:27:56.783598,181.2740761,136.7100699,0.384618093,bike,0.103,22.99733618,118
2025-08-25T08:58:56.783659,196.7053865,615.5943466,0.071578437,diesel,0.171,35.19100266,157
2025-08-15T13:04:56.783725,355.8196547,193.9277859,0.024643936,diesel,0.171,61.7784915,129
2025-09-25T01:33:56.783791,407.2855168,123.4901722,0.262741066,petrol,0.192,90.55389179,42
2025-10-05T08:54:56.783855,318.5333126,438.8824944,0.306799287,diesel,0.171,64.58472671,169
2025-08-14T15:34:56.783917,178.9938177,545.2021778,0.444148109,bike,0.103,23.42056946,182
2025-08-23T04:57:56.783978,556.2083255,85.35940009,0.502972849,ev,0.07,50.69218397,117
2025-09-13T22:22:56.784039,656.8999793,144.9864529,-0.006777426,ev,0.07,45.80611851,79
2025-09-17T20:18:56.784100,589.438315,111.8179013,0.466923753,diesel,0.171,129.0562837,53
2025-09-24T17:30:56.784162,115.8217928,651.6597762,0.382378193,petrol,0.192,27.49355473,193
2025-08-04T23:12:56.784226,412.2263664,546.3856507,0.243766591,petrol,0.192,90.84381619,143
2025-08-23T00:13:56.784289,437.2469794,431.8248495,0.235184039,bike,0.103,51.4423041,192
2025-08-23T03:55:56.784352,269.3399637,434.8422889,0.539206872,bike,0.103,36.77650675,78
2025-08-20T12:17:56.784415,233.6382344,584.4393094,0.400916445,diesel,0.171,49.68659903,54
2025-09-08T11:13:56.784478,519.2811769,458.5206794,0.5985002,diesel,0.171,120.7906868,136
2025-09-08T13:49:56.784540,521.0184585,26.82594779,0.320428295,petrol,0.192,119.2742161,49
2025-09-25T01:58:56.784603,376.0004647,303.0572524,0.247050143,petrol,0.192,82.95994083,54
2025-09-11T11:55:56.784665,161.2467253,577.8020547,0.418023749,petrol,0.192,38.86318553,134
2025-08-17T00:56:56.784726,501.6091732,479.2234918,0.487419238,diesel,0.171,110.9661618,113
2025-08-19T03:02:56.785523,297.0942068,230.3436932,0.349717671,petrol,0.192,69.06476931,180
2025-08-13T21:02:56.785599,428.4065106,14.48814706,0.516880541,diesel,0.171,95.97998897,139
2025-08-24T16:31:56.785664,645.8270674,565.7909075,0.049150378,ev,0.07,46.58185912,131
2025-09-29T12:23:56.785727,297.4673392,589.1553885,0.55733856,ev,0.07,27.84092647,50
2025-09-02T02:48:56.785789,165.8983182,132.4164083,0.071108572,petrol,0.192,33.23797625,96
2025-08-30T01:56:56.785856,414.3015296,319.2021631,-0.014404935,diesel,0.171,70.28735795,176
2025-07-31T15:32:56.785917,4.23778408,266.7993374,0.208809651,bike,0.103,0.522101202,64
2025-10-04T07:58:56.785984,243.0958501,277.5625615,0.429375811,bus,0.27,82.63960376,56
2025-09-06T22:21:56.786050,317.2552218,112.6856163,0.064651541,petrol,0.192,63.29834918,127
2025-08-21T02:21:56.786117,406.8312568,505.8114303,-0.041488603,diesel,0.171,67.92071448,88
2025-09-24T14:15:56.786179,104.9152467,331.699299,0.005477284,bus,0.27,28.51006314,143
2025-10-07T14:22:56.786263,47.88645769,599.9683763,0.086438636,diesel,0.171,8.72118577,101
2025-09-26T05:32:56.786331,437.8582149,302.180758,0.493767129,diesel,0.171,97.12285563,58
2025-09-20T11:24:56.786393,500.1273807,422.1181841,0.297396329,petrol,0.192,113.2543582,152
2025-09-10T16:55:56.786454,535.9840405,82.38518347,0.167335827,diesel,0.171,100.8708988,94
2025-08-13T02:47:56.786515,191.3389964,717.9443279,0.292276003,bike,0.103,23.25092355,126
2025-09-17T17:43:56.786577,501.464588,527.1391535,-0.032387605,petrol,0.192,94.50945433,106
2025-09-11T06:35:56.786638,14.77766589,83.28686559,0.469945455,ev,0.07,1.333587856,106
2025-08-17T22:22:56.786699,167.489764,79.55311421,0.108061924,ev,0.07,12.49038243,117
2025-08-23T23:03:56.786761,581.3236853,317.7468237,0.384255339,bike,0.103,73.72129493,181
2025-09-25T02:22:56.786823,10.08834453,68.40682468,0.085126066,bike,0.103,1.099577935,186
2025-09-22T21:45:56.786887,408.5460511,337.1396405,0.530236612,petrol,0.192,103.4814899,86
2025-09-28T21:45:56.786949,182.33698,303.7539265,0.333691713,petrol,0.192,42.08796547,179
2025-09-26T16:50:56.787011,541.9103317,290.2063157,0.509694213,petrol,0.192,135.9387694,138
2025-09-12T22:22:56.787073,608.0591152,389.9449586,0.531458947,petrol,0.192,154.0739478,167
2025-08-27T20:07:56.787134,16.70604652,214.9418875,0.30206224,diesel,0.171,3.41789728,64
2025-08-16T15:13:56.787195,451.8928633,337.3631476,0.035979537,petrol,0.192,88.70262662,68
2025-09-12T11:38:56.787257,478.5455157,658.0671007,0.294280091,ev,0.07,39.4670939,81
2025-10-07T21:59:56.787341,47.95560454,324.1984704,0.273352181,diesel,0.171,9.609898473,115
2025-08-03T00:18:56.787423,98.87295852,210.9470421,0.123223956,petrol,0.192,20.43064551,137
2025-09-13T18:24:56.787500,346.4974212,458.6355025,0.494769526,ev,0.07,31.49678189,161
2025-08-09T08:11:56.787566,117.2320748,590.4268931,0.003819134,petrol,0.192,22.67375801,75
2025-09-21T20:19:56.787629,273.1176342,230.9549894,0.181187266,petrol,0.192,58.18847218,152
2025-08-07T23:02:56.787690,396.9168436,380.8403218,0.381386257,petrol,0.192,93.73670591,189
2025-09-22T08:03:56.787755,22.79701141,209.8112354,0.336800655,petrol,0.192,5.309961678,120
2025-09-12T17:17:56.787817,234.6364797,616.729763,0.019288865,diesel,0.171,40.69387374,79
2025-09-07T15:55:56.787879,493.7429592,478.6288466,0.248792983,diesel,0.171,97.12747094,74
2025-09-03T07:07:56.787939,2.635234047,774.1595106,-0.046585018,petrol,0.192,0.636306732,51
2025-08-04T18:15:56.788001,565.393746,769.6790286,0.463508813,petrol,0.192,138.9343617,96
2025-10-01T03:57:56.788062,61.60694309,766.5366344,0.442955069,diesel,0.171,13.50056442,188
2025-08-16T06:07:56.788123,484.9013186,679.3565213,0.112284206,ev,0.07,36.28061496,128
2025-08-21T04:39:56.788185,37.06546885,535.9339716,-0.021292465,ev,0.07,2.598471882,55
2025-10-02T22:01:56.788247,389.5088004,378.5680945,0.153355657,bus,0.27,114.9558017,118
2025-09-13T23:59:56.788308,135.6267204,92.225617,0.224145729,ev,0.07,10.77800075,121
2025-08-07T19:28:56.788370,591.3400296,255.2803786,0.488795058,bike,0.103,78.80495272,56
2025-08-03T18:59:56.788616,161.7761773,96.45350862,1.96E-05,diesel,0.171,27.68054507,76
2025-09-01T02:41:56.788700,507.6119733,52.28507264,0.15493872,petrol,0.192,106.5328067,43
2025-08-13T22:56:56.788783,516.7611811,416.1344879,0.227431087,ev,0.07,41.14254445,147
2025-09-19T17:53:56.788852,323.8980526,792.2730507,-0.04984561,diesel,0.171,53.86152755,52
2025-09-18T11:12:56.788928,652.8803467,56.0237646,-0.043834468,diesel,0.171,108.7155926,68
2025-09-04T06:29:56.788992,27.28014447,383.8250615,0.327492185,petrol,0.192,6.355163486,160
2025-09-21T17:10:56.789054,366.240915,585.8174457,-0.047824865,petrol,0.192,68.40972847,181
2025-10-05T22:07:56.789115,208.1193762,186.8862008,-0.022639427,petrol,0.192,39.45152674,112
2025-09-07T18:33:56.789177,476.0734506,174.6031103,0.56747477,diesel,0.171,109.1669654,100
2025-09-18T09:04:56.789238,292.8889623,703.294646,0.564075814,petrol,0.192,75.4477885,50
2025-08-13T11:11:56.789299,117.7567283,792.9349009,0.100586606,ev,0.07,8.799305772,187
2025-08-12T12:05:56.789361,581.6191199,96.27100963,-0.019485518,petrol,0.192,110.3835601,96
2025-08-24T00:39:56.789423,545.929547,280.1002073,-0.01240226,petrol,0.192,104.0918605,86
2025-09-20T12:16:56.789485,649.498846,795.9262581,0.063031912,bike,0.103,69.51350169,121
2025-08-17T10:23:56.789559,628.3078675,370.7045986,0.354909299,bus,0.27,205.8892816,164
2025-09-08T17:39:56.789622,626.5500874,688.1014531,0.247330864,petrol,0.192,138.3013261,106
2025-09-06T17:19:56.789684,622.2349078,764.5211986,0.510382951,petrol,0.192,156.2458371,48
2025-08-14T08:22:56.789745,386.0493021,69.58940793,0.215494588,ev,0.07,30.52299673,77
2025-08-10T08:25:56.789807,35.09972359,426.0820155,0.575379282,ev,0.07,3.345320519,67
2025-09-25T18:12:56.789868,44.00040134,706.3250153,0.285451363,bus,0.27,14.13819467,154
2025-08-10T03:50:56.789929,463.8162951,435.0231264,0.511920372,diesel,0.171,103.7708614,72
2025-09-16T00:51:56.789990,461.2578324,680.4653833,0.513741231,bike,0.103,62.2458198,52
2025-08-25T20:41:56.790051,651.133155,84.66727506,0.40434398,petrol,0.192,155.3678258,46
2025-10-07T03:42:56.790112,610.4186259,23.39782643,0.486780888,bike,0.103,81.23949178,177
2025-08-06T01:37:56.790172,520.7122711,128.6079168,0.481678566,petrol,0.192,128.9025814,116
2025-09-16T20:15:56.790233,135.9998723,67.27857957,0.162181825,petrol,0.192,28.66708267,56
2025-09-18T17:24:56.790294,7.341610852,654.9435364,0.033491667,diesel,0.171,1.394888921,197
2025-10-05T12:17:56.790362,588.2449304,313.7209692,0.06667326,diesel,0.171,104.6696687,76
2025-08-14T05:06:56.790442,122.4536792,616.6832868,0.565743627,bike,0.103,16.97915103,56
2025-09-22T12:00:56.790520,407.9371517,276.7064456,0.353595087,petrol,0.192,95.00530691,89
2025-09-20T05:38:56.790587,678.2456208,599.7214654,0.034556056,bus,0.27,187.0884737,164
2025-08-03T05:27:56.790651,16.46436252,258.8881753,0.267618074,petrol,0.192,3.726435298,97
2025-08-02T03:33:56.790714,192.2650397,797.6996001,0.227017846,diesel,0.171,37.51055174,180
2025-08-15T07:44:56.790776,556.5718746,554.9457806,0.093500248,petrol,0.192,112.9692899,169
2025-09-15T14:25:56.790837,92.80325336,694.443458,0.576103825,petrol,0.192,24.15673445,131
2025-10-05T03:15:56.790898,294.3893945,510.8207581,0.208436359,bus,0.27,89.58086231,170
2025-08-11T00:45:56.790959,625.9753434,183.9636847,0.088518058,diesel,0.171,112.7599907,103
2025-09-24T01:38:56.791020,258.5999143,691.4865999,0.257586439,ev,0.07,20.95557591,111
2025-09-17T17:14:56.791082,608.1675944,621.2774822,0.451099199,petrol,0.192,148.5241681,89
2025-09-02T20:43:56.791154,557.9616817,235.3343787,0.542693423,petrol,0.192,142.0713457,161
2025-08-15T02:58:56.791217,324.0060062,0.985468133,0.338912722,petrol,0.192,74.85946496,165
2025-09-01T02:46:56.791282,391.3304581,180.432114,0.054536555,petrol,0.192,77.6298016,156
2025-09-18T21:32:56.791345,689.0616338,119.6645141,0.251989088,diesel,0.171,135.6681507,103
2025-09-03T11:46:56.791406,420.4143631,233.330063,0.401738226,diesel,0.171,89.26915601,72
2025-09-11T14:42:56.791474,28.69355892,384.4055578,0.018204616,bike,0.103,3.027744367,184
2025-09-14T09:33:56.791551,100.6043845,399.1105228,0.351801227,bus,0.27,33.02731452,187
2025-09-07T18:57:56.791626,7.829822346,261.1690466,0.286512568,diesel,0.171,1.621403844,72
2025-08-01T17:08:56.791692,577.3353188,286.2410807,0.159361556,petrol,0.192,121.5075768,142
2025-09-03T14:14:56.791754,560.6101027,160.1201954,0.058863678,ev,0.07,40.64029352,88
2025-09-20T23:26:56.791819,494.8265328,25.26891586,0.55853796,ev,0.07,46.24815379,142
2025-09-29T13:52:56.791881,654.7060689,757.8803701,0.356448029,petrol,0.192,152.7642718,123
2025-09-19T15:00:56.791942,339.5945149,528.6560946,0.309450944,ev,0.07,28.22918229,173
2025-09-28T09:48:56.792011,337.1517782,32.60328487,0.056599663,bike,0.103,35.90941477,53
2025-09-16T21:31:56.792076,173.7251606,127.6357441,0.516659318,petrol,0.192,43.72730816,161
2025-08-07T14:42:56.792140,236.4901584,145.6943326,0.46330403,bus,0.27,81.652444,71
2025-08-06T17:07:56.792202,503.722043,182.7637931,0.597617045,diesel,0.171,117.0649016,144
2025-09-18T04:34:56.792263,140.4801732,544.1825939,-0.003071034,ev,0.07,9.8535151,136
2025-08-15T15:22:56.792325,672.5856055,332.7258929,0.50005944,petrol,0.192,167.9650233,76
2025-08-24T19:33:56.792386,537.6389978,403.8759055,0.30314534,ev,0.07,44.51341914,135
2025-09-07T13:11:56.792446,507.9551046,389.3351531,0.517725105,diesel,0.171,113.929442,45
2025-08-11T02:23:56.792507,415.0528797,729.8906765,0.086930423,petrol,0.192,83.99410053,57
2025-08-24T04:00:56.792577,543.4241447,324.2481465,0.341205999,petrol,0.192,125.7727721,81
2025-09-03T20:24:56.792646,127.5028899,683.5080747,0.269980607,bus,0.27,40.21679779,101
2025-08-21T21:11:56.792711,312.2683732,411.8538831,0.18350169,bike,0.103,35.75198363,169
2025-09-29T11:41:56.793034,274.3659941,775.5298579,0.117786731,petrol,0.192,56.56057659,44
2025-09-02T18:28:56.793108,92.48068884,775.8568361,0.244963202,bike,0.103,11.01720949,178
2025-09-25T06:45:56.793173,119.6607757,415.8191588,0.169052065,petrol,0.192,25.39317362,133
2025-08-20T07:06:56.793437,174.8512765,493.7159893,0.409405191,diesel,0.171,37.34935533,103
2025-10-02T04:54:56.793546,424.2711722,285.3856424,0.296782751,diesel,0.171,85.52688049,88
2025-09-24T22:04:56.793618,410.1627007,694.6170244,0.083796787,bike,0.103,44.44598645,187
2025-09-11T22:31:56.793684,86.95659516,184.9047299,-0.016397056,bus,0.27,23.296729,40
2025-09-10T09:46:56.793866,126.8272958,70.84446738,0.017150822,petrol,0.192,24.61516507,51
2025-08-27T12:49:56.793946,675.6179688,3.951984748,0.568677661,bus,0.27,244.6601157,89
2025-09-30T15:06:56.794012,318.8631591,412.4768229,0.267750277,bike,0.103,38.16843395,77
2025-10-05T22:31:56.794078,93.76754302,114.8338896,0.560882865,petrol,0.192,24.09150467,163
2025-09-13T02:01:56.794165,132.6560096,584.6635799,0.051506499,petrol,0.192,26.37279926,141
2025-08-31T13:32:56.794253,179.4592608,529.3058803,0.586110337,bus,0.27,65.68680483,197
2025-09-13T04:53:56.794342,581.7831567,691.6870688,0.449537587,petrol,0.192,141.9996375,111
2025-09-09T16:14:56.794411,473.8828567,172.5401219,0.378275556,ev,0.07,40.71546766,92
2025-10-05T01:57:56.794628,75.50852819,526.2762437,0.599618922,ev,0.07,7.237296423,102
2025-08-24T04:37:56.796975,695.3425192,601.9422101,0.008813102,bike,0.103,72.06132547,198
2025-08-24T22:16:56.797110,455.7076418,612.1526916,0.55168864,petrol,0.192,116.6145912,58
2025-10-08T02:14:56.797184,614.6459202,253.7565734,0.514785407,bus,0.27,217.3026163,168
2025-10-02T17:13:56.797254,454.7031865,262.7049823,0.359635686,petrol,0.192,106.2027022,182
2025-09-23T10:58:56.797318,384.4013054,477.18838,0.304696478,diesel,0.171,77.84623949,74
2025-09-23T08:09:56.797395,411.3561337,134.7555081,0.36767438,petrol,0.192,96.43539527,48
2025-10-05T17:41:56.797462,363.8381678,383.3455021,-0.033332657,bike,0.103,36.76453477,193
2025-08-18T19:31:56.797535,279.7771238,464.1378954,0.296841655,diesel,0.171,56.45627069,54
2025-09-16T00:07:56.797602,569.2770314,574.498461,0.571090402,bike,0.103,78.80669807,60
2025-10-02T20:35:56.797665,627.8032886,57.02421604,0.57052902,diesel,0.171,144.1167189,75
2025-10-04T20:49:56.797726,138.8107345,383.3465836,0.07646291,diesel,0.171,24.89417859,117
2025-09-17T12:11:56.797789,366.6362225,536.0768277,0.55424382,ev,0.07,34.24918602,195
2025-09-22T22:50:56.797867,63.64881107,574.1086287,0.209938384,diesel,0.171,12.36546029,116
2025-08-19T15:13:56.797935,366.2142473,98.57812334,0.508620266,bike,0.103,49.24443404,78
2025-09-30T14:32:56.798000,207.3995242,634.7258065,0.07039849,petrol,0.192,41.62971422,75
2025-08-08T18:57:56.798062,385.608353,34.73002628,0.361548394,bike,0.103,48.33792734,162
2025-08-13T03:32:56.798124,573.6130127,707.3651707,0.098251852,ev,0.07,42.57240416,48
2025-09-15T08:57:56.798186,253.1799909,724.7128838,0.450464055,petrol,0.192,61.92569649,88
2025-08-24T10:20:56.798250,512.6386892,680.9394087,0.386426035,petrol,0.192,121.4084486,128
2025-09-26T19:08:56.798312,105.6430736,339.1558503,0.049439471,bike,0.103,11.23998342,88
2025-08-06T09:23:56.798373,375.2153132,142.7567722,0.152976661,diesel,0.171,70.07762705,199
2025-09-26T17:34:56.798435,274.2432911,475.5810681,0.272898458,petrol,0.192,61.38260855,41
2025-09-18T15:30:56.798496,486.9060433,323.4550145,0.22832975,petrol,0.192,106.3639473,63
2025-09-01T08:48:56.798571,422.6503677,269.7817062,0.538591115,bike,0.103,57.63764335,148
2025-10-02T00:35:56.798651,452.0575964,476.6005826,0.210772144,petrol,0.192,97.87452649,136
2025-08-22T19:30:56.798731,432.3918926,353.9279492,0.490711024,petrol,0.192,107.5502798,44
2025-09-07T17:08:56.798807,378.4683283,704.06327,0.37307029,petrol,0.192,89.09705549,83
2025-10-02T07:35:56.798871,468.9713817,795.311489,0.380195473,petrol,0.192,110.7702903,74
2025-09-05T06:57:56.798933,43.03949748,449.8374527,0.572456435,diesel,0.171,9.990980185,116
2025-08-22T09:22:56.799712,141.4526484,428.6621476,0.012839692,ev,0.07,10.00820366,160
2025-08-31T04:59:56.799805,465.7732954,636.3599686,0.552665583,petrol,0.192,119.2455924,62
2025-08-12T22:56:56.799873,694.745968,741.6007743,0.300972135,petrol,0.192,157.6475512,160
2025-10-01T14:42:56.799936,436.8863959,71.29954569,0.440925773,diesel,0.171,94.48728827,55
2025-08-11T11:33:56.800005,496.4125437,28.92830442,0.147033431,bike,0.103,55.64446949,153
2025-09-26T11:48:56.800068,655.9335183,443.0417926,0.148590802,petrol,0.192,137.2599306,190
2025-08-20T18:10:56.800139,361.45992,735.5135786,0.273026264,ev,0.07,29.50701272,125
2025-08-09T07:13:56.800203,146.7488495,744.4761717,0.025638159,bike,0.103,15.42550661,121
2025-09-16T23:51:56.800269,614.70405,694.4453521,0.47385151,diesel,0.171,135.1520729,119
2025-09-02T20:11:56.800331,57.56257885,322.384143,0.062790935,petrol,0.192,11.53262468,169
2025-08-25T18:41:56.800393,682.9515304,512.7776619,0.484612366,petrol,0.192,169.3811446,64
2025-08-18T16:16:56.800460,646.0072762,389.6495351,0.34406441,bike,0.103,80.32333786,93
2025-09-26T23:54:56.800522,352.2936874,318.9304222,0.045143095,petrol,0.192,69.5353791,156
2025-08-04T13:22:56.800584,674.217463,439.6236287,0.577784405,petrol,0.192,174.4398514,135
2025-09-26T08:33:56.800645,354.7931621,351.6093509,0.018682045,petrol,0.192,68.9521286,173
2025-09-09T05:48:56.800722,422.1846615,291.8385753,0.201199547,petrol,0.192,90.90772767,44
2025-08-03T14:07:56.800803,41.65649306,795.8930537,-0.012442635,diesel,0.171,7.205162698,95
2025-10-04T14:15:56.800865,168.1868928,113.7994949,0.028900211,bus,0.27,46.22914286,154
2025-09-09T02:33:56.800928,44.54196689,407.5377025,0.597852955,ev,0.07,4.275139476,56
2025-09-09T13:13:56.800989,215.0712809,499.116669,0.292576952,ev,0.07,17.73890688,102
2025-09-19T20:56:56.801050,315.3994695,155.6980095,0.189043578,bike,0.103,36.18877955,131
2025-08-26T06:24:56.801111,513.796452,615.4439149,-0.042829678,bike,0.103,51.62284175,169
2025-10-05T04:39:56.801174,14.4154015,207.850567,0.444188385,diesel,0.171,3.16701222,97
2025-09-06T08:25:56.801247,227.126776,667.4426928,0.359044224,ev,0.07,19.38069965,121
2025-09-18T16:41:56.801312,342.0099767,87.78895894,0.306173668,bus,0.27,109.3344918,188
2025-09-25T05:44:56.801375,105.8840166,259.7407415,0.4292821,diesel,0.171,22.82561462,196
2025-09-16T00:21:56.801436,669.3993113,106.5160033,0.016397194,diesel,0.171,115.611841,159
2025-09-19T03:10:56.801498,566.4095397,61.13348755,0.131589014,bus,0.27,165.0227752,97
2025-08-18T22:05:56.801564,323.5727478,509.7611814,0.378580049,bus,0.27,107.3782473,118
2025-08-05T23:21:56.801637,363.3672073,120.1352007,0.42933195,petrol,0.192,87.767305,126
2025-08-07T20:11:56.801701,27.57727192,596.965806,0.378373097,petrol,0.192,6.637528681,191
2025-09-05T11:06:56.801762,669.5944774,590.0066876,0.179613416,petrol,0.192,142.5425201,149
2025-08-17T01:26:56.801824,542.4828183,529.0964889,0.070377119,petrol,0.192,108.6607264,44
2025-09-14T15:17:56.801885,15.64052776,65.73733398,0.579109023,petrol,0.192,4.063420606,175
2025-09-09T11:01:56.801946,144.7753963,97.10913453,0.349758429,diesel,0.171,29.97197941,117
2025-08-10T13:14:56.802014,371.6811911,33.56097875,0.579517705,ev,0.07,35.06747442,188
2025-08-21T18:22:56.802076,685.9992602,481.5052717,0.328574728,petrol,0.192,157.7888455,134
2025-09-20T10:15:56.802137,459.8785465,102.4765971,0.169873879,bike,0.103,52.20702079,185
2025-08-05T11:52:56.802202,263.8190301,440.0735524,0.202624319,petrol,0.192,56.90616887,153
2025-08-27T10:49:56.802266,649.8939555,540.7858205,0.272431095,petrol,0.192,145.2967547,152
2025-09-19T13:37:56.802330,571.3469103,689.0959971,0.50023432,petrol,0.192,142.7956285,57
2025-09-28T22:10:56.802391,684.8996979,598.5535248,0.312578597,petrol,0.192,156.299808,190
2025-08-04T18:41:56.802452,224.7218229,602.5498687,0.125065344,petrol,0.192,46.5086467,131
2025-09-08T01:03:56.802513,76.45265654,548.2384129,0.009716077,ev,0.07,5.421484805,89
2025-10-02T23:55:56.802577,106.3225993,273.9069088,0.218720692,diesel,0.171,20.62010736,136
2025-10-02T10:45:56.802642,395.950373,551.1082416,0.517659895,petrol,0.192,99.77342024,150
2025-08-31T17:54:56.802713,112.8900728,369.2459795,-0.043934447,bike,0.103,11.35819393,168
2025-08-22T18:45:56.802775,694.275156,79.34247967,0.210971305,ev,0.07,54.75734764,145
2025-09-12T17:21:56.802837,513.4168359,492.7883602,0.072216078,diesel,0.171,91.68629208,151
2025-09-20T09:49:56.804091,367.3872603,678.4382329,0.495976587,diesel,0.171,81.66906648,51
2025-08-07T15:59:56.804186,524.9322936,606.9411121,0.390946235,petrol,0.192,124.5722469,183
2025-09-26T07:48:56.804255,613.7788825,797.0674701,0.189401195,petrol,0.192,131.4080259,164
2025-08-28T12:25:56.804319,415.5379896,313.2205585,0.218204197,bike,0.103,48.44043626,142
2025-09-19T18:15:56.804381,117.6526974,145.0554239,0.201987837,petrol,0.192,25.3582043,56
2025-10-04T10:18:56.804448,357.566689,578.7238125,0.017689283,bike,0.103,37.28050125,94
2025-08-27T22:58:56.804514,422.837879,541.1743498,0.47324285,diesel,0.171,92.95486797,198
2025-08-26T14:42:56.804576,349.2807219,61.64662331,-0.011941896,bike,0.103,35.72444609,148
2025-09-19T00:07:56.804637,495.6689734,630.8919717,0.286224887,bike,0.103,59.89778457,133
2025-09-27T19:17:56.804699,165.8644618,297.1376015,-0.009347553,ev,0.07,11.56607738,86
2025-08-11T18:11:56.804785,450.1530745,336.9984426,0.363515287,bus,0.27,148.1614443,86
2025-10-06T15:10:56.804854,693.7973758,597.7756702,0.430991151,ev,0.07,61.17734357,129
2025-08-04T21:33:56.804916,396.3194255,783.717372,0.057441172,petrol,0.192,78.87152349,146
2025-09-22T20:57:56.804979,410.9488854,558.136502,0.554251,diesel,0.171,93.76852185,90
2025-09-23T11:05:56.805040,597.0568859,180.4330639,0.194994207,petrol,0.192,128.0855058,103
2025-09-25T08:26:56.805101,305.1910991,749.8826354,0.408912355,diesel,0.171,65.15148053,129
2025-09-09T07:20:56.805161,632.8354179,727.5121536,0.457138491,petrol,0.192,155.008998,139
2025-09-29T08:06:56.805223,158.4313679,105.0795265,0.209243419,petrol,0.192,34.2604939,123
2025-08-17T23:30:56.805284,10.36843588,226.1965517,-0.02101331,diesel,0.171,1.788840483,125
2025-10-02T05:08:56.805345,193.6530247,629.7012821,0.583642524,petrol,0.192,50.3650027,183
2025-10-07T04:58:56.805407,188.429175,125.1054435,0.504508255,bike,0.103,25.2999513,146
2025-08-02T18:07:56.805468,393.8330004,276.736358,0.154873189,ev,0.07,30.1512369,46
2025-09-03T21:40:56.805529,512.9816636,438.656467,0.033192336,petrol,0.192,100.539896,188
2025-09-19T10:33:56.805590,551.6113979,499.5403572,0.271412735,bike,0.103,66.12815292,60
2025-08-26T18:49:56.805651,139.4702453,452.2642037,0.251556116,ev,0.07,11.27290691,128
2025-08-08T13:08:56.805715,245.3049541,91.27662791,0.048310439,ev,0.07,17.67565453,166
2025-10-03T19:40:56.805777,478.9441198,436.0844226,0.587335934,petrol,0.192,124.476391,100
2025-09-03T20:32:56.805854,380.2395166,633.3599908,0.306745127,diesel,0.171,77.11611211,137
2025-08-22T08:28:56.805916,339.8027047,132.6196321,0.564703796,diesel,0.171,77.82432045,151
2025-08-18T14:30:56.805976,603.528849,368.1298116,0.437034413,petrol,0.192,146.3522373,115
2025-10-01T13:01:56.806040,79.24321299,284.778699,0.585740182,bike,0.103,11.07019649,102
2025-08-15T09:14:56.806101,181.7759636,131.7650827,0.164639792,petrol,0.192,38.37643758,149
2025-10-08T12:00:56.806163,144.2120106,702.2640625,0.521728206,diesel,0.171,32.53750267,131
2025-08-13T05:25:56.806226,316.4163016,787.9917249,0.45180811,petrol,0.192,77.4131667,105
2025-08-25T11:35:56.806287,241.2205716,225.9447189,0.203973438,petrol,0.192,52.03117861,45
2025-08-04T01:55:56.806348,575.6501093,304.336006,0.454147703,ev,0.07,51.30268348,90
2025-10-04T00:22:56.806409,366.8074122,229.7103665,0.465355372,petrol,0.192,90.14759821,124
2025-10-04T04:50:56.806469,277.7833604,732.0720547,0.296468764,bike,0.103,33.78998512,81
2025-10-08T20:19:56.806530,555.489684,253.4093417,0.507166517,ev,0.07,50.73989667,42
2025-09-15T20:41:56.806590,688.4815094,112.5692224,0.081310184,petrol,0.192,138.6600779,47
2025-10-04T22:35:56.806651,574.4438777,250.5295959,0.469085627,ev,0.07,51.55100574,149
2025-09-16T22:09:56.806712,562.7188713,404.1654189,0.5786323,bike,0.103,78.13865757,102
2025-08-23T11:16:56.806773,467.8760792,507.7370186,0.057870682,bus,0.27,130.8547523,141
2025-09-20T10:02:56.806834,114.4011506,10.08601598,0.313841194,diesel,0.171,23.24837548,136
2025-10-02T09:14:56.806895,623.2903791,63.52526771,0.425472719,ev,0.07,54.77401668,48
2025-09-20T15:46:56.806955,78.41316328,607.6659281,0.592242618,bus,0.27,28.91714334,147
2025-08-21T16:46:56.807016,178.7710648,655.4040839,0.521884244,petrol,0.192,45.23719242,69
2025-09-07T17:25:56.807076,578.3587707,80.50998282,0.105918173,ev,0.07,43.06397339,73
2025-08-13T09:44:56.807137,134.6910321,491.0219351,0.233078545,ev,0.07,10.78608132,167
2025-08-29T17:14:56.807198,564.5309208,674.9898611,0.115083668,ev,0.07,42.29634447,72
2025-08-23T04:07:56.807259,75.33426465,251.9356709,-0.047518863,ev,0.07,5.140179671,86
2025-08-17T17:31:56.807320,459.0424044,793.3940937,-0.002763933,petrol,0.192,88.14205923,167
2025-08-04T21:29:56.807380,359.3456724,244.2485414,0.088218845,ev,0.07,26.50364398,96
2025-09-03T16:02:56.807442,531.7148644,722.8862755,0.101296046,diesel,0.171,96.58046722,176
2025-08-29T04:51:56.807506,182.9405134,725.7560246,0.385976003,ev,0.07,15.83405131,190
2025-09-28T14:24:56.807570,313.4918251,368.286617,0.511966346,petrol,0.192,78.7721473,111
2025-09-22T19:18:56.807633,683.7834296,88.57647466,0.224656478,diesel,0.171,132.705195,64
2025-09-28T10:19:56.807694,676.4041441,101.9631675,0.409997412,petrol,0.192,161.8417074,149
2025-09-05T13:41:56.807755,489.8214472,671.5687276,0.588169151,bike,0.103,68.34963943,102
2025-09-04T06:16:56.807816,580.7468707,225.2169587,0.517289996,petrol,0.192,146.1678177,181
2025-08-25T09:14:56.807877,48.77031394,210.652627,-0.020019683,petrol,0.192,9.291382369,159
2025-08-20T11:38:56.807937,419.2518815,237.7902462,0.144947422,petrol,0.192,87.54663164,80
2025-08-26T05:26:56.807998,614.1903806,701.8094103,0.164765203,petrol,0.192,129.7305392,125
2025-08-28T14:42:56.808059,56.19944437,191.6081359,0.466475881,petrol,0.192,13.85742567,197
2025-08-15T01:50:56.808120,696.8108238,684.5568751,0.288939698,diesel,0.171,139.9491092,108
2025-09-06T19:38:56.808180,419.6859772,91.94639765,0.011007235,bike,0.103,43.52267886,176
2025-09-16T16:47:56.808241,46.21613857,764.659587,-0.033657727,bike,0.103,4.741299916,126
2025-09-20T12:52:56.808302,637.562929,371.546589,0.039390454,petrol,0.192,125.3782258,186
2025-08-15T20:59:56.808362,120.2367562,758.4866561,0.239409973,petrol,0.192,26.56813892,196
2025-10-01T08:08:56.808422,359.1422805,83.37984225,0.199932363,petrol,0.192,77.24508699,106
2025-09-09T19:51:56.808483,190.8265666,378.3177062,0.589496203,petrol,0.192,49.69605432,111
2025-10-06T00:03:56.808544,624.1445309,2.336826097,-0.024152123,diesel,0.171,105.1824736,45
2025-08-03T14:46:56.808612,194.4932011,777.2261527,0.165375555,petrol,0.192,41.21207048,138
2025-09-26T17:52:56.808871,313.7802308,379.4307363,0.334063837,diesel,0.171,64.4891087,88
2025-09-27T10:17:56.808976,583.488633,675.1396901,0.135190214,petrol,0.192,121.2571599,78
2025-10-05T05:58:56.809042,153.7383742,317.4374777,-0.021147948,diesel,0.171,26.00927666,48
2025-09-23T17:27:56.809122,432.3294948,91.07071478,0.174395043,petrol,0.192,91.71221132,80
2025-09-02T09:21:56.809200,491.8788775,794.2534712,0.035467928,diesel,0.171,86.03994755,85
2025-08-19T22:57:56.809275,295.8578968,328.8168602,0.539947152,diesel,0.171,67.05625072,148
2025-08-15T09:39:56.809343,576.8294786,764.0484092,0.483778884,petrol,0.192,143.0880111,47
2025-09-22T19:24:56.809407,502.5829152,663.6700455,-0.023636821,petrol,0.192,95.25302317,123
2025-09-15T01:19:56.809469,466.0391793,640.2839032,0.380731933,petrol,0.192,110.0711669,186
2025-09-29T01:25:56.809530,526.0734554,56.80613163,0.002117009,diesel,0.171,90.08255292,182
2025-08-18T05:04:56.809591,468.3322801,542.9359653,0.185247994,bus,0.27,140.6673356,114
2025-08-28T08:03:56.809653,639.3875764,490.0587747,0.517904086,ev,0.07,58.71003461,123
2025-08-15T05:33:56.809725,371.4640745,663.214186,0.594321097,ev,0.07,35.33776035,41
2025-08-17T23:37:56.809821,373.2123969,359.0824573,0.004855047,ev,0.07,26.22617926,140
2025-10-01T17:45:56.809895,152.0199041,373.2862278,0.480870082,bike,0.103,20.22528455,77
2025-08-26T15:28:56.809963,301.5218231,538.3732979,0.128997763,ev,0.07,22.78074752,161
2025-09-01T07:49:56.810028,559.067858,657.9378989,0.507415519,diesel,0.171,124.8529019,118
2025-08-23T17:44:56.810090,223.887906,465.7589973,0.191262075,diesel,0.171,42.76707837,96
2025-08-22T06:18:56.810151,482.1951079,299.6423096,0.058459131,ev,0.07,34.95929392,46
2025-10-07T15:30:56.810213,533.5728673,757.3155472,0.170849738,petrol,0.192,113.1080229,185
2025-10-02T22:54:56.810275,270.7262775,633.3762074,0.337392747,petrol,0.192,62.64816407,152
2025-09-26T22:23:56.810336,255.851016,174.3140434,0.592223378,ev,0.07,24.28998891,104
2025-08-21T07:13:56.810401,99.24652434,388.4717597,-0.032101132,ev,0.07,6.840117088,106
2025-09-20T16:44:56.810463,28.25821279,24.76463274,0.202191394,diesel,0.171,5.423114896,90
2025-08-11T15:29:56.810524,103.7962335,390.2809578,0.034531059,petrol,0.192,20.41826244,161
2025-08-20T06:26:56.810585,262.9876939,379.2051428,0.238683014,diesel,0.171,51.48529938,57
2025-08-28T17:21:56.810645,62.65299095,485.5018733,0.04852979,diesel,0.171,11.11105871,184
2025-08-16T22:52:56.810707,541.7036852,784.0871939,0.260620991,bus,0.27,169.3758581,180
2025-08-30T12:59:56.810769,173.5882912,670.8393719,0.181520671,petrol,0.192,37.10171734,137
2025-10-08T19:03:56.810843,355.7050099,541.9098572,0.10277419,petrol,0.192,72.61722487,178
2025-08-29T10:23:56.810908,116.5041933,466.3875409,0.599813973,diesel,0.171,27.20044572,180
2025-08-17T23:36:56.810971,145.9089932,625.9106636,0.42747565,bike,0.103,18.96425348,121
2025-08-14T05:13:56.811035,434.8416754,161.0496863,0.206839533,diesel,0.171,83.61697902,67
2025-09-21T18:59:56.811097,380.5741842,182.1997889,0.576618751,diesel,0.171,87.63530201,156
2025-08-06T18:53:56.811159,321.4680308,30.38525063,0.434809025,diesel,0.171,69.3187255,44
2025-08-28T08:50:56.811220,327.280672,27.56900754,0.580245022,ev,0.07,30.88817393,154
2025-08-29T02:27:56.811281,604.6197182,470.9852177,0.19396444,diesel,0.171,115.5122701,141
2025-09-24T09:38:56.811375,533.4969358,309.2324055,0.28232905,petrol,0.192,119.8524598,121
2025-09-05T09:25:56.811439,535.4049285,458.8231612,0.571430643,bike,0.103,74.11768066,87
2025-08-14T11:23:56.811501,3.214326158,512.1586492,0.143982693,petrol,0.192,0.777295564,111
2025-08-07T11:19:56.811562,179.977248,24.63203973,0.581496478,petrol,0.192,46.61839787,70
2025-09-25T14:44:56.811846,334.3135844,550.1776339,0.419759523,petrol,0.192,80.48661383,93
2025-08-13T11:39:56.811943,210.2775163,286.9724203,0.472884185,petrol,0.192,51.89914726,191
2025-08-11T04:20:56.812044,670.2561653,7.090628091,0.598583556,petrol,0.192,174.9097716,47
2025-10-02T06:17:56.812111,206.938958,11.45222213,0.429615187,bike,0.103,26.81047088,64
2025-09-10T11:01:56.812173,100.8523508,602.7423378,0.449799808,ev,0.07,9.018504743,167
2025-09-24T06:20:56.812235,592.2990863,490.8832914,0.007593064,bike,0.103,61.33553437,48
2025-09-22T03:39:56.812296,285.8725787,325.6851913,-0.007093601,petrol,0.192,54.71619035,138
2025-08-18T14:16:56.812358,404.3514245,558.2050209,-0.046042314,ev,0.07,27.56066906,122
2025-08-13T14:48:56.812419,54.72659062,400.4994145,0.466435104,petrol,0.192,13.54656307,183
2025-08-22T11:34:56.812480,51.95838292,322.2986261,0.141938821,petrol,0.192,10.89275069,73
2025-09-19T06:47:56.812541,107.478383,212.93441,-0.035682501,petrol,0.192,20.23405442,92
2025-08-27T12:59:56.812603,448.6927535,783.1848921,0.342270512,petrol,0.192,104.02202,92
2025-08-13T20:36:56.812665,86.92155425,710.9272642,0.277004568,ev,0.07,7.153806809,113
2025-09-27T18:24:56.812756,388.7054863,509.6726697,0.292080999,bike,0.103,47.11473076,195
2025-08-20T15:35:56.812833,562.9669968,442.0007739,0.28811043,bike,0.103,68.06275048,98
2025-09-05T04:15:56.812897,281.610496,126.8993156,0.52329491,ev,0.07,25.91375096,137
2025-09-16T21:24:56.812967,524.3030187,254.0694362,-0.04991245,petrol,0.192,97.69880267,132
2025-09-23T11:01:56.813032,415.8465483,716.5813807,0.329123237,ev,0.07,34.91764451,47
2025-09-25T20:13:56.813108,658.3735055,66.17236922,0.555076792,petrol,0.192,168.5242422,160
2025-08-06T21:31:56.813185,395.924066,693.2383854,0.321675956,petrol,0.192,90.84799773,121
2025-09-16T12:20:56.813251,637.0502576,301.8544432,0.576650971,diesel,0.171,146.6957598,184
2025-08-20T03:27:56.813315,395.6757066,744.1367724,0.498761657,petrol,0.192,98.88984079,177
2025-08-01T09:55:56.813378,499.4191894,533.1083309,0.577930878,petrol,0.192,129.2764839,147
2025-08-23T14:49:56.813439,492.0758106,238.4417669,0.018487199,bus,0.27,134.399293,179
2025-08-23T13:47:56.813501,252.6752757,765.4398524,0.275260745,petrol,0.192,56.69723205,80
2025-09-12T09:59:56.813562,147.0090241,294.9657367,0.190378616,diesel,0.171,28.06624841,163
2025-09-18T16:21:56.813624,292.1365979,657.7439095,0.502726201,bike,0.103,39.25449213,55
2025-08-11T22:09:56.813685,331.1249811,704.1253903,0.090231441,ev,0.07,24.48557704,148
2025-08-31T10:00:56.813746,96.48403165,521.3118084,0.430088348,petrol,0.192,23.43126993,67
2025-08-27T17:13:56.813810,277.1965044,570.5655066,0.079489929,ev,0.07,20.37104165,139
2025-08-31T06:01:56.813871,258.0824054,46.47356166,0.022482938,petrol,0.192,50.22930746,177
2025-09-13T14:52:56.813932,585.0006778,11.75471092,0.196411132,petrol,0.192,125.5592073,63
2025-09-03T01:28:56.813992,87.9335109,330.9141399,0.27036198,petrol,0.192,19.69582692,150
2025-08-10T21:22:56.814054,416.9970408,7.939056902,0.251661854,diesel,0.171,82.07513121,161
2025-08-16T06:58:56.814115,533.8540134,363.9351116,0.123714209,diesel,0.171,98.13213922,143
2025-08-05T01:27:56.814190,88.75960012,13.55813191,0.450602838,bus,0.27,30.44898552,173
2025-09-25T02:08:56.814266,206.0227189,618.5134991,0.286674343,petrol,0.192,46.49941942,96
2025-09-01T20:27:56.814332,398.0966661,530.4058769,0.306448324,diesel,0.171,80.69870146,150
2025-08-26T14:59:56.814394,629.0938627,626.5587306,0.45724448,petrol,0.192,154.0765696,84
2025-09-02T15:13:56.814455,46.92070641,182.5882908,0.110292363,petrol,0.192,9.642311981,195
2025-08-01T08:07:56.814516,332.1930701,46.27555956,0.572563371,ev,0.07,31.24633354,176
2025-09-04T17:12:56.814580,693.9382032,435.5858662,0.575799428,bike,0.103,96.22937815,67
2025-09-06T18:28:56.814641,158.5415063,156.6664673,0.041521917,diesel,0.171,27.81346536,65
2025-09-01T08:47:56.814702,194.0898902,785.3226591,0.292722368,petrol,0.192,43.9875481,107
2025-09-16T03:18:56.814763,450.3304214,647.8881499,0.565806912,petrol,0.192,115.9830329,141
2025-09-27T18:20:56.814824,377.6302933,48.50314085,0.398499829,ev,0.07,32.75872306,65
2025-09-07T22:52:56.814885,442.0143314,358.1387403,0.037278653,petrol,0.192,86.8352832,194
2025-09-08T01:36:56.814946,350.9218962,543.6962662,-0.000444508,petrol,0.192,67.46339614,77
2025-09-12T18:08:56.815009,322.3057444,437.2617136,0.231330401,bike,0.103,37.85653427,42
2025-08-05T19:29:56.815071,337.4520302,718.1397381,0.388326836,bike,0.103,42.94713763,114
2025-08-28T21:47:56.815133,274.9089492,527.2910116,0.020780654,diesel,0.171,47.68685334,107
2025-08-09T12:03:56.815194,285.2651749,762.4160169,0.289650816,diesel,0.171,57.41093569,115
2025-08-29T07:54:56.815258,643.6517958,140.8763771,0.089072075,diesel,0.171,115.9720361,193
2025-09-21T19:21:56.815322,512.7537022,284.0328452,0.403902252,bike,0.103,65.64890328,82
2025-10-01T22:50:56.815384,676.9698243,314.2350206,0.505244239,bus,0.27,238.3021028,135
2025-08-09T00:08:56.815446,448.7900133,533.2803832,0.055754833,petrol,0.192,89.1560565,127
2025-09-13T12:04:56.815508,422.54195,668.3262647,0.459873558,bike,0.103,55.61837317,195
2025-09-08T20:38:56.815587,33.1936572,646.4634259,0.065627281,bike,0.103,3.622780033,94
2025-08-11T23:45:56.815648,178.4209336,196.6459514,0.211796859,bike,0.103,20.73554439,147
2025-08-23T00:29:56.815710,631.0667846,123.0456197,0.593556144,petrol,0.192,164.3477359,73
2025-10-06T11:25:56.815771,532.9445385,297.3792531,0.205097821,petrol,0.192,114.9814984,156
2025-08-17T10:50:56.815836,193.6080095,497.6316499,0.595087488,diesel,0.171,45.04337406,132
2025-09-18T03:22:56.815898,291.5071232,677.8173342,0.536453662,diesel,0.171,66.04552655,193
2025-08-06T14:53:56.815959,354.6645775,176.6822264,-0.024695524,petrol,0.192,67.12002533,161
2025-10-07T01:10:56.816020,606.8724778,225.9829952,0.567798461,petrol,0.192,156.2734471,178
2025-09-09T04:23:56.816081,362.1721713,607.021003,0.133622443,diesel,0.171,67.00882222,86
2025-10-03T07:06:56.816156,624.898201,335.5583952,0.457237577,bus,0.27,215.1257348,145
2025-08-04T13:02:56.816219,144.0713962,472.9042426,0.070988334,diesel,0.171,25.76984978,186
2025-09-07T18:35:56.816280,145.7459906,56.92662814,-0.005145065,bike,0.103,14.97134025,54
2025-10-01T13:26:56.816340,287.1790382,648.7028648,0.493286853,diesel,0.171,63.78586005,63
2025-09-08T13:37:56.816401,106.9649573,700.7064668,0.300411459,ev,0.07,8.895044427,155
2025-09-15T07:53:56.816463,90.37889405,612.4374004,-0.049992437,petrol,0.192,16.94630484,93
2025-08-29T22:54:56.816523,141.1916155,162.862702,-0.043441106,ev,0.07,9.636908492,42
2025-08-05T02:15:56.816585,510.8120111,773.4763998,0.095790764,petrol,0.192,103.8698086,180
2025-08-09T23:10:56.816649,627.332519,654.4213993,0.114328844,ev,0.07,46.9745607,165
2025-10-07T03:53:56.816716,564.8787703,787.8867222,0.440261369,bus,0.27,193.074668,93
2025-09-17T14:20:56.817042,267.1020871,331.5757724,0.439989305,petrol,0.192,64.9026113,71
2025-08-04T18:02:56.817115,409.0571736,761.7774286,-0.022425506,bike,0.103,41.64338539,56
2025-09-09T09:09:56.817179,442.8794899,103.9530978,0.314059603,bus,0.27,142.1434887,104
2025-10-03T23:58:56.817241,680.7215793,359.0509166,0.053366252,petrol,0.192,134.9546232,54
2025-09-25T05:48:56.817303,562.6591578,97.62439546,0.031331417,petrol,0.192,110.0805048,165
2025-09-14T16:41:56.817364,137.4731815,276.2735618,0.168146795,bike,0.103,15.61961347,91
2025-09-30T15:09:56.817425,491.1177333,581.6454093,0.315347316,bike,0.103,60.22750172,104
2025-09-10T08:13:56.817486,114.9617005,628.9645218,0.427388556,diesel,0.171,24.83466199,185
2025-08-21T05:16:56.817547,587.4591321,9.134386763,0.407404857,petrol,0.192,140.3655785,53
2025-08-12T11:09:56.817608,165.2464101,563.896808,0.481133292,diesel,0.171,36.5386682,160
2025-08-01T01:58:56.817668,37.11643644,403.8364786,0.416995066,bus,0.27,12.66508821,173
2025-09-16T14:43:56.817729,560.2024338,442.1656606,0.207759893,petrol,0.192,121.0621971,162
2025-09-25T12:24:56.817790,110.9339725,247.8302874,0.138529596,bike,0.103,12.40356745,159
2025-09-22T03:26:56.817885,557.8802966,200.374319,0.356168165,ev,0.07,47.41401084,153
2025-08-09T14:10:56.817948,439.9673744,198.0080585,0.055829782,bus,0.27,122.8256959,152
2025-10-01T12:53:56.818011,215.4368431,282.3668028,0.353840092,petrol,0.192,50.2113164,136
2025-08-13T03:23:56.818072,424.2478319,197.7052437,0.181305594,bike,0.103,48.47366915,89
2025-09-06T22:41:56.818137,51.40565396,164.3211268,0.197936677,ev,0.07,4.038617015,72
2025-09-23T02:50:56.818199,513.7072358,92.95276522,0.457647331,bike,0.103,67.45302723,167
2025-08-01T15:16:56.818261,194.1470568,345.6151421,0.587239682,petrol,0.192,50.50002448,101
2025-09-29T03:25:56.818321,679.5029052,90.64280378,0.212340652,petrol,0.192,147.105936,121
2025-08-14T17:31:56.818382,278.9310526,211.4210105,0.08346641,petrol,0.192,56.27940206,128
2025-08-04T11:15:56.818444,201.9357038,525.4048508,0.579549266,petrol,0.192,52.38966157,78
2025-08-27T02:19:56.818505,666.0448314,237.8326322,0.009843541,petrol,0.192,128.68182,147
2025-09-15T01:51:56.818566,454.3048693,213.9216223,-0.040178055,ev,0.07,31.04932476,106
2025-09-01T07:31:56.818626,316.029846,537.644831,0.329312029,diesel,0.171,64.82903785,139
2025-08-26T19:21:56.818698,606.4008479,757.3869831,0.018838773,diesel,0.171,104.9976089,49
2025-08-05T10:34:56.818775,515.8381246,706.3950599,0.081711212,bus,0.27,146.3046319,61
2025-08-15T06:47:56.818846,476.3982079,326.5213527,-0.03999332,ev,0.07,32.56996725,107
2025-09-30T01:56:56.818927,315.7277181,766.0648121,0.209372956,petrol,0.192,68.40056185,85
2025-08-11T16:40:56.818989,151.0528369,531.995613,0.273726255,ev,0.07,12.35363372,66
2025-08-27T21:35:56.819062,623.1498608,67.44105169,0.474673057,petrol,0.192,153.7367,150
2025-09-07T22:05:56.819125,359.3957496,350.707984,0.597570486,bike,0.103,50.33927002,131
2025-08-07T05:01:56.819186,469.8021922,560.6941087,0.082616033,diesel,0.171,84.41903987,78
2025-10-05T13:02:56.819248,35.9629852,729.2170347,-0.030822364,bike,0.103,3.709404712,149
2025-08-23T10:54:56.819310,249.0477207,339.8172243,0.089973848,bus,0.27,70.96964897,114
2025-10-05T08:58:56.819377,666.0920064,670.7934671,0.473308707,petrol,0.192,164.373808,58
2025-10-08T08:07:56.819438,381.4335223,160.2256143,0.350909345,bus,0.27,124.7228915,104
2025-09-08T19:45:56.819499,365.4928679,54.76697547,0.19122341,ev,0.07,28.52418758,112
2025-08-09T20:37:56.819560,377.2940283,215.0828115,0.189491798,diesel,0.171,71.89353672,76
2025-08-20T20:18:56.819622,551.3739682,329.0715732,0.517919898,petrol,0.192,138.8439992,162
2025-09-06T06:26:56.819684,350.1028071,428.0204037,0.043851961,bike,0.103,37.05463172,118
2025-08-02T08:08:56.819746,350.5560027,628.0781713,0.33924951,diesel,0.171,72.27614203,43
2025-09-21T09:43:56.819811,40.26707807,392.8765835,0.552621909,diesel,0.171,9.258231332,168
2025-10-05T11:58:56.819881,9.033238835,327.021809,0.550617466,ev,0.07,0.871683011,124
2025-09-06T02:55:56.819949,550.7791453,754.025046,0.435404816,diesel,0.171,118.9505565,148
2025-08-05T19:50:56.820011,78.19187252,231.349957,0.151374469,ev,0.07,5.988219067,66
2025-08-20T03:49:56.820071,179.162692,594.0246663,-0.000186726,diesel,0.171,30.73495476,127
2025-08-23T16:45:56.820133,152.0260213,647.4595186,0.461132526,bike,0.103,20.07625587,149
2025-09-26T22:48:56.820197,658.843448,701.0555465,0.016669176,diesel,0.171,113.910101,176
2025-08-17T02:21:56.820258,352.6895983,155.0904543,0.508230901,diesel,0.171,78.73534829,126
2025-08-05T03:59:56.820319,323.8285934,331.6128519,-0.041386828,petrol,0.192,60.69324069,68
2025-09-01T07:45:56.820380,126.2980258,555.1596724,0.099238804,ev,0.07,9.408450836,190
2025-09-29T09:04:56.820441,2.392502518,574.9916943,0.426060682,petrol,0.192,0.715410005,57
2025-07-31T14:44:56.820502,59.40448192,15.30317315,0.057736315,petrol,0.192,11.80381301,161
2025-08-05T21:36:56.820563,407.9185215,94.73203134,0.087731315,ev,0.07,30.06434039,50
2025-08-31T21:26:56.820644,171.3669083,214.0806391,0.168187991,petrol,0.192,36.26797556,165
2025-08-14T08:20:56.820706,390.2580318,332.6200828,0.228813817,ev,0.07,31.09499222,58
2025-08-31T02:48:56.821866,527.7626469,162.9337102,0.162908907,diesel,0.171,99.09926206,180
2025-08-05T02:41:56.821947,16.47689136,756.091351,0.402807726,diesel,0.171,3.659046005,103
2025-08-27T03:57:56.822033,100.8465334,553.6589176,0.084063874,petrol,0.192,20.45081244,108
2025-09-30T03:25:56.822113,541.3177182,761.153623,0.454718047,ev,0.07,48.29822895,101
2025-09-05T18:44:56.822182,471.5992611,326.4952455,0.525652847,bike,0.103,63.93902435,199
2025-09-15T22:29:56.822261,7.975164884,578.7549299,0.29817679,petrol,0.192,1.93617946,104
2025-10-05T23:07:56.822324,143.2020961,101.9091328,0.135580707,bike,0.103,15.96104071,196
2025-09-14T19:49:56.822391,283.7934908,387.475541,-0.041311006,bike,0.103,28.5451198,69
2025-09-03T03:04:56.822453,631.340046,162.778194,-0.006467152,bike,0.103,64.79239815,61
2025-08-16T16:13:56.822514,379.690914,774.4526496,-0.006732927,diesel,0.171,64.79675287,96
2025-08-06T05:40:56.822576,263.452781,643.0516362,0.231756951,petrol,0.192,57.75733625,162
2025-09-20T03:44:56.822637,154.8578168,280.4164274,0.192146628,petrol,0.192,33.2205708,98
2025-10-03T11:15:56.822698,259.2678719,36.25542317,0.177464211,diesel,0.171,49.06237072,135
2025-08-08T02:10:56.822759,582.1260266,673.8604038,0.192606752,diesel,0.171,111.1757531,198
2025-09-14T23:21:56.822820,73.47132793,38.92613093,0.327659811,petrol,0.192,16.88871698,97
2025-08-25T14:49:56.822881,245.7918908,541.9787319,0.443026223,diesel,0.171,53.3200722,138
2025-09-14T22:48:56.822942,499.5518718,309.2961381,0.380614566,petrol,0.192,117.8906559,166
2025-09-07T03:48:56.823004,635.8517136,606.9722569,0.338150949,ev,0.07,53.59131057,103
2025-09-11T20:03:56.823068,405.5859214,505.9130595,0.051709865,bike,0.103,43.12519431,52
2025-08-23T09:36:56.823133,142.3756722,251.0614466,0.106975408,petrol,0.192,29.14200297,169
2025-08-27T23:08:56.823195,507.31674,596.6027033,0.312652839,bike,0.103,62.12894821,41
2025-09-19T06:48:56.823256,575.4598317,527.6086149,0.467556943,diesel,0.171,126.124743,167
2025-09-07T19:53:56.823317,446.0964402,598.5862651,0.09627722,diesel,0.171,80.79732208,195
2025-09-22T08:30:56.823381,153.8822135,476.2426127,0.122012768,ev,0.07,11.59610743,171
2025-09-18T20:38:56.823442,132.2179616,70.70795759,0.404316739,bike,0.103,16.93120011,67
2025-09-25T16:02:56.823503,182.443938,26.9411231,0.521470752,petrol,0.192,45.99606051,118
2025-08-15T16:23:56.823564,467.1263265,258.4218766,0.533647472,petrol,0.192,118.4709047,196
2025-09-12T08:24:56.823625,577.9655492,675.8970782,0.111855678,bus,0.27,166.7185322,164
2025-08-05T17:24:56.823695,699.2259358,261.3113995,0.436319543,petrol,0.192,169.4605864,100
2025-08-26T01:17:56.823757,326.6122015,456.9298389,0.147619677,petrol,0.192,68.35934113,52
2025-09-29T02:07:56.823818,624.3058948,679.3432044,0.213907671,bus,0.27,190.4036544,197
2025-09-02T11:25:56.823879,219.2252614,12.5943304,-0.038852642,petrol,0.192,41.11239817,191
2025-09-06T21:34:56.823942,28.21767366,669.6957023,0.35269203,bike,0.103,3.605038762,138
2025-08-21T10:07:56.824003,282.2321337,312.4748861,-0.004936585,diesel,0.171,48.17202102,68
2025-08-11T14:03:56.824065,473.6116529,110.7483947,0.326246109,ev,0.07,39.65167188,87
2025-08-21T01:29:56.824126,266.0102332,297.1887549,0.352042588,bike,0.103,33.2235105,98
2025-09-21T06:08:56.824186,686.8014176,519.6071438,0.472869139,bus,0.27,238.2287666,192
2025-09-06T00:07:56.824258,318.8802754,539.8290417,0.390395549,petrol,0.192,75.69412161,159
2025-08-15T07:17:56.824336,442.518817,43.51259882,0.36876687,bus,0.27,145.9306057,128
2025-09-27T05:42:56.824404,388.7267091,598.2354798,0.476668081,petrol,0.192,96.12906417,182
2025-09-08T04:26:56.824472,319.1652222,534.2084733,0.494288602,ev,0.07,29.0159591,181
2025-08-23T17:44:56.824534,18.45138926,137.1473414,0.24482635,ev,0.07,1.492338032,79
2025-09-25T13:37:56.824595,637.2389114,511.2257271,0.569797814,ev,0.07,59.90483221,52
2025-09-22T00:22:56.824656,583.8205737,514.0620883,0.00106259,diesel,0.171,99.9849279,114
2025-08-01T23:41:56.824716,416.2638636,562.1121647,-0.006757055,petrol,0.192,79.70612472,197
2025-08-12T11:26:56.824801,616.8001309,706.3318532,0.378379517,ev,0.07,53.03882786,46
2025-10-06T17:34:56.824863,620.3793113,157.322868,0.429326956,bike,0.103,80.37960315,127
2025-09-28T12:21:56.824924,698.069292,24.02080426,0.533287813,bike,0.103,94.91080296,158
2025-10-05T01:11:56.824986,593.3241635,49.91525488,0.167931383,diesel,0.171,111.6906603,92
2025-09-05T13:16:56.825047,468.8467178,713.5144826,0.148933451,diesel,0.171,87.46994871,50
2025-10-07T02:46:56.825107,148.344378,183.4926216,0.254919687,petrol,0.192,32.8791317,141
2025-09-20T13:25:56.825168,118.0762713,117.8204508,0.582499919,petrol,0.192,30.62456084,165
2025-09-21T08:22:56.825229,308.3786001,222.6947853,0.468890578,bus,0.27,106.7637884,149
2025-08-12T10:25:56.825290,15.3440495,661.2946764,0.187637206,petrol,0.192,3.418994497,164
2025-09-26T08:38:56.825354,148.1443508,647.2189122,0.04549925,petrol,0.192,29.34787443,166
2025-10-01T20:46:56.825422,58.8330481,387.6303961,0.146572682,petrol,0.192,12.37032167,85
2025-09-22T10:35:56.825495,335.4687853,624.4448215,0.14735556,petrol,0.192,70.23520391,191
2025-09-18T02:47:56.825558,122.7961378,700.3245001,0.23713522,petrol,0.192,27.0849943,96
2025-09-19T14:03:56.825619,293.6064852,366.7451393,0.42125395,petrol,0.192,70.7089269,57
2025-09-08T14:05:56.825679,465.2769974,159.3967635,-0.020775063,bus,0.27,124.1013722,52
2025-09-29T07:10:56.825741,658.3530259,12.6585376,0.289794092,bike,0.103,79.60251752,116
2025-09-22T16:12:56.825801,392.1456193,549.6313205,0.37775368,ev,0.07,33.71903474,87
2025-08-05T10:25:56.825862,489.272907,332.9162941,0.284002977,petrol,0.192,110.0228218,180
2025-09-16T02:24:56.825922,123.6686475,454.1818543,0.326554403,bus,0.27,40.07948669,129
2025-08-14T05:44:56.825983,161.6488813,442.1298142,0.191912616,ev,0.07,12.6528778,199
2025-09-18T06:09:56.826044,598.4377116,132.2418289,0.505269513,petrol,0.192,149.766421,170
2025-08-26T02:08:56.826105,632.3303544,483.080786,0.324799105,diesel,0.171,129.2992179,111
2025-08-03T18:53:56.826166,262.8092221,638.1858107,0.188803974,petrol,0.192,56.31194082,115
2025-08-26T00:21:56.826226,401.6830129,270.1194416,0.592539071,ev,0.07,38.13998257,166
2025-09-01T16:49:56.826287,364.5317687,417.5624028,0.332806499,petrol,0.192,84.06217662,171
2025-09-09T05:28:56.826348,420.5967409,42.81157033,0.194744687,ev,0.07,32.88529603,120
2025-08-20T11:15:56.826415,388.4818946,159.6042519,0.141066916,petrol,0.192,80.93494528,111
2025-08-07T12:39:56.826476,204.7311785,166.032749,0.104795325,petrol,0.192,41.81387005,52
2025-09-02T13:52:56.826537,540.988884,561.9906733,0.349914875,petrol,0.192,125.8077885,184
2025-08-03T18:59:56.826598,538.844777,318.2925624,0.487909484,bus,0.27,188.1901983,52
2025-08-13T01:19:56.826659,143.9094124,272.3292449,0.281877492,petrol,0.192,32.3648053,155
2025-09-01T18:37:56.826720,357.3879527,401.0205157,-0.017342044,bus,0.27,95.59784646,197
2025-09-29T17:32:56.826781,649.9400704,797.1186349,0.467404812,bike,0.103,85.82287592,114
2025-08-30T04:06:56.827065,235.8689342,372.5460334,0.452697681,petrol,0.192,57.67853999,175
2025-09-19T00:51:56.827140,487.241632,488.6165845,0.079896826,bus,0.27,137.9999991,154
2025-08-29T22:14:56.827202,456.4094626,168.6251595,0.311696534,diesel,0.171,92.67624965,124
2025-09-21T02:29:56.827264,271.7384401,52.93215107,-0.037548934,bus,0.27,71.73038332,93
2025-09-14T23:39:56.827328,293.5890176,234.0131404,0.165933621,petrol,0.192,62.03061166,102
2025-08-17T18:00:56.827404,418.5074018,522.7067988,0.075001432,ev,0.07,30.65207766,67
2025-08-16T05:46:56.827466,619.5137273,591.2535808,0.130352042,bus,0.27,180.5231208,82
2025-08-09T11:16:56.827528,8.188862659,572.8399786,0.409060006,bus,0.27,2.946277777,122
2025-09-16T10:30:56.827798,100.4364126,250.5305615,0.50219724,petrol,0.192,25.1569471,87
2025-08-27T06:45:56.827873,689.407175,751.1971377,0.244328914,diesel,0.171,135.3180729,194
2025-08-02T15:24:56.828162,497.3827158,218.3599958,0.171926425,petrol,0.192,105.3948557,64
2025-08-01T19:42:56.828247,4.513560274,48.0771283,0.538098122,petrol,0.192,1.158605283,187
2025-10-01T14:38:56.828314,124.8575582,235.4133893,0.024618003,petrol,0.192,24.37261345,66
2025-08-15T16:44:56.828378,324.2114327,691.9700841,0.112147833,bike,0.103,35.71687021,134
2025-09-20T20:44:56.828440,636.5135096,251.1024612,0.399186278,bike,0.103,81.29555463,168
2025-09-03T06:48:56.828502,240.133227,343.9660958,0.490116961,petrol,0.192,59.74931784,155
2025-09-17T03:53:56.828563,664.9798681,109.6715665,0.427024035,ev,0.07,58.48465497,64
2025-09-10T06:31:56.828624,273.694044,284.1053182,-0.020588027,diesel,0.171,46.27153084,147
2025-08-30T02:06:56.828685,652.1568851,656.7848138,0.318293418,ev,0.07,54.42398126,190
2025-08-10T04:14:56.828767,280.2636304,261.4357647,-0.042972796,bike,0.103,28.14908613,100
2025-09-24T22:25:56.828850,404.2233094,371.1853585,0.027160912,petrol,0.192,78.94809371,141
2025-10-04T22:43:56.828923,627.0928763,626.8000647,0.404808384,petrol,0.192,149.7952107,90
2025-08-26T08:40:56.828987,73.1822412,138.0191016,0.319183293,diesel,0.171,14.93887149,164
2025-10-07T22:34:56.829049,555.7058875,25.42278749,0.458333,diesel,0.171,121.1632999,70
2025-08-10T10:37:56.829307,366.9869532,174.6078982,0.593130648,petrol,0.192,95.58267375,168
2025-09-08T18:03:56.829387,482.445016,718.1948532,0.434366672,petrol,0.192,116.94436,61
2025-10-02T21:33:56.829450,254.4292978,644.5716205,0.163316664,diesel,0.171,47.89172332,129
2025-09-09T17:19:56.829513,251.475925,730.3139558,0.317697312,bike,0.103,30.9289827,53
2025-10-02T11:21:56.829575,403.9542339,609.5068895,0.457978671,petrol,0.192,99.02067443,198
2025-08-19T09:41:56.829649,12.71265684,543.359321,-0.000230632,petrol,0.192,2.544802906,190
2025-09-18T02:38:56.829712,656.0391525,249.4417096,0.112351906,ev,0.07,49.03708311,98
2025-09-28T19:42:56.829774,233.1447385,742.4814684,0.499160513,ev,0.07,21.27549052,174
2025-09-03T04:43:56.829835,359.0979425,618.8576814,-0.021373753,petrol,0.192,68.17991064,120
2025-09-06T09:42:56.829901,385.9137022,322.5662049,0.491868607,diesel,0.171,85.53809292,143
2025-08-27T10:00:56.829965,262.0471036,204.269099,0.018818307,ev,0.07,18.56487142,71
2025-08-01T05:10:56.830027,461.0537172,56.08651171,0.206918555,ev,0.07,36.28499758,107
2025-10-05T08:28:56.830096,579.2842027,33.53217337,0.222468869,petrol,0.192,126.0759997,67
2025-09-04T05:48:56.830178,162.7350648,401.9418297,0.425466134,diesel,0.171,35.01781939,84
2025-09-02T02:03:56.830242,654.0785758,733.1364356,0.363019332,bike,0.103,82.13604174,96
2025-09-13T07:47:56.830304,221.0632547,34.44192217,0.457626511,petrol,0.192,54.10671306,99
2025-09-02T18:34:56.830365,460.9804337,6.447282674,0.563063635,bike,0.103,63.52276258,147
2025-10-05T21:09:56.830426,350.8336438,347.0164528,0.112177002,bike,0.103,38.60618153,161
2025-10-06T10:59:56.830491,401.5564982,260.168957,-0.024474881,petrol,0.192,76.01587549,106
2025-08-28T12:14:56.830553,487.9898829,259.4766462,0.102033005,ev,0.07,36.26979225,172
2025-08-11T04:55:56.830614,563.9956001,757.4049958,0.210137979,ev,0.07,44.51710468,151
2025-08-26T07:08:56.830675,693.2422804,20.61567901,0.342293724,petrol,0.192,160.4433829,126
2025-09-14T06:02:56.830736,657.0323186,144.9466232,0.354789712,petrol,0.192,153.0380361,108
2025-08-04T06:39:56.830796,292.6181996,128.1804808,0.061108662,diesel,0.171,51.89507722,151
2025-10-04T07:59:56.830869,628.6772881,67.30212981,0.20551754,bike,0.103,72.74636776,158
2025-09-12T09:55:56.830931,463.5413592,481.9595536,0.055962424,petrol,0.192,92.08397578,138
2025-10-05T02:06:56.830993,584.6280968,779.7524768,0.038048699,petrol,0.192,114.9642727,165
2025-09-21T19:25:56.831054,26.11519735,741.5330771,0.088903792,petrol,0.192,5.43155127,55
2025-08-21T08:19:56.831114,600.7106085,584.9258756,0.565391423,petrol,0.192,154.6129799,147
2025-10-05T14:59:56.831175,29.1403441,470.6817768,0.208494869,petrol,0.192,6.39653262,169
2025-09-30T13:36:56.831238,396.6840809,601.1623556,0.035777458,diesel,0.171,69.39411822,158
2025-08-27T04:49:56.831300,66.14408757,328.3966352,0.056168821,petrol,0.192,13.19283703,102
2025-08-22T13:22:56.831367,182.3124921,70.07303792,0.008445559,petrol,0.192,35.19489769,75
2025-08-23T18:31:56.831429,438.8934568,229.8613732,0.131834879,petrol,0.192,90.98080893,53
2025-09-30T04:33:56.831490,345.2822311,353.6856277,0.167360766,petrol,0.192,73.02594276,58
2025-08-14T09:09:56.831551,563.9971982,608.1287438,0.050034938,diesel,0.171,99.44596014,187
2025-09-27T15:13:56.831611,253.3912337,326.7644651,0.391803191,petrol,0.192,60.1656021,139
2025-09-14T11:52:56.831672,562.1929951,197.2159245,0.584421254,petrol,0.192,145.8420262,139
2025-08-02T19:04:56.831734,219.026422,97.68921274,0.022239146,petrol,0.192,42.63321427,77
2025-08-11T20:28:56.831819,553.5738367,112.8860752,0.304628379,bike,0.103,67.45345742,89
2025-08-28T02:41:56.831882,459.8137157,428.1218669,0.003315395,petrol,0.192,88.54221461,107
2025-08-23T17:15:56.831943,21.98491117,355.6226024,0.278002366,bus,0.27,7.038080961,107
2025-09-06T19:23:56.832010,246.9116995,609.340701,0.279603576,petrol,0.192,55.49677457,198
2025-08-07T11:50:56.832077,537.8357993,347.4891985,0.240187249,bus,0.27,166.2503796,99
2025-09-16T22:30:56.832156,595.5515951,161.2227024,0.557381475,diesel,0.171,135.9341229,146
2025-08-29T14:10:56.832685,389.7772941,623.6133611,-0.039469742,bike,0.103,39.25901585,89
2025-08-08T09:27:56.832781,623.0494501,793.5701978,0.14114385,petrol,0.192,129.9214049,145
2025-09-10T00:44:56.832849,606.0281058,82.27407373,0.031870878,petrol,0.192,118.5985424,79
2025-08-11T14:32:56.832913,592.9741699,259.4635019,0.389714437,ev,0.07,51.23640622,152
2025-08-26T14:22:56.832976,478.0901892,460.2873385,0.22889054,ev,0.07,38.09903179,67
2025-08-29T06:00:56.833043,484.95566,186.6662581,0.35646461,petrol,0.192,113.0695619,144
2025-09-18T05:23:56.833106,42.9003673,104.7789944,0.343898029,petrol,0.192,9.960725245,146
2025-09-24T09:54:56.833169,239.5817335,382.8226959,0.553758707,ev,0.07,22.37858236,112
2025-08-09T21:48:56.833232,436.2898653,645.406051,0.49731018,petrol,0.192,108.9236518,78
2025-08-26T23:33:56.833319,384.1534967,139.7177487,0.142355819,diesel,0.171,71.32701378,198
2025-09-27T11:18:56.833403,36.24132475,712.3074567,0.324972781,bus,0.27,11.92292648,164
2025-10-01T17:08:56.833515,383.1407335,671.8562818,0.032865692,diesel,0.171,66.92617658,167
2025-08-16T19:58:56.833586,101.1537396,571.7750668,0.140679724,diesel,0.171,18.86334261,166
2025-10-03T16:44:56.833649,424.2313941,246.3091056,0.494395042,bus,0.27,148.6062467,187
2025-08-28T00:22:56.833711,178.2912533,605.0674157,0.003083729,diesel,0.171,30.64787196,188
2025-08-19T13:37:56.833772,310.2142066,33.97592741,0.395007026,petrol,0.192,73.68543548,120
2025-09-21T12:05:56.833833,90.03126194,101.0169097,0.478732414,bike,0.103,11.95024796,184
2025-08-31T02:38:56.833894,349.7808107,254.6096331,0.531272327,diesel,0.171,78.93597685,126
2025-09-24T11:46:56.833956,83.63481698,0.024575076,0.41288908,bike,0.103,10.74846089,56
2025-08-26T05:13:56.834035,10.01533138,432.2395254,0.503247978,petrol,0.192,2.611622836,74
2025-08-11T05:23:56.834097,60.45441346,439.0982412,0.196986401,diesel,0.171,11.64349738,108
2025-09-06T09:27:56.834158,67.38072738,251.9347557,0.012819142,petrol,0.192,13.08534869,114
2025-08-04T23:06:56.834220,311.4283863,425.4974132,0.517852044,bus,0.27,110.3626043,138
2025-08-04T03:08:56.834281,568.9192009,261.5528195,0.148733572,diesel,0.171,106.0156439,120
2025-09-06T04:50:56.834346,477.8519908,252.1915477,0.036586451,ev,0.07,34.20196244,170
2025-08-14T19:35:56.834408,405.3662633,554.7377024,0.405397473,petrol,0.192,96.89406906,112
2025-09-02T11:17:56.834481,350.4713354,584.1993516,0.352462278,bike,0.103,43.80547099,180
2025-09-27T01:40:56.834560,310.6805607,493.6847555,0.502473565,petrol,0.192,77.75776223,81
2025-08-25T15:34:56.834630,335.465258,468.450983,0.301893374,petrol,0.192,76.18241384,59
2025-08-16T23:00:56.834693,74.7329158,468.4701471,0.303824177,petrol,0.192,17.07075561,50
2025-08-01T02:56:56.834754,652.848668,418.570444,0.126661235,petrol,0.192,134.9593766,173
2025-10-08T00:35:56.834816,457.411811,123.1356078,0.58507059,diesel,0.171,105.7034946,111
2025-08-01T20:34:56.834889,625.6510421,59.71074486,0.540028032,petrol,0.192,159.0626996,107
2025-09-15T20:54:56.834950,389.9687815,286.8972656,0.542370474,ev,0.07,36.20775012,85
2025-09-27T22:32:56.835012,682.6508032,666.5634853,0.14696138,bus,0.27,200.7639336,155
2025-09-18T02:48:56.835074,651.519091,540.8840207,0.149705325,ev,0.07,49.74410597,131
2025-10-05T19:48:56.835135,553.2203743,254.3860411,0.326825258,diesel,0.171,113.2034499,96
2025-08-06T21:52:56.835200,327.2429375,61.37826148,0.057934139,bike,0.103,34.88420192,74
2025-09-29T02:14:56.835262,75.32977085,91.31197545,0.561681369,diesel,0.171,17.24340967,118
2025-10-01T03:51:56.835322,1.130383191,491.183565,0.350678315,bus,0.27,0.529944049,103
2025-08-12T03:17:56.835383,511.6142418,108.284348,0.078465493,diesel,0.171,91.62420467,113
2025-10-04T23:14:56.835444,407.6339165,321.1694233,0.169754866,ev,0.07,31.46545518,40
2025-10-01T21:11:56.835506,114.6999098,587.4925412,0.085740108,diesel,0.171,20.72832159,43
2025-10-02T19:54:56.835570,610.4672298,461.5852899,0.174562555,diesel,0.171,115.4106346,75
2025-09-20T04:30:56.835634,396.5295417,726.4148363,0.207603207,petrol,0.192,85.77387317,196
2025-10-05T13:04:56.835695,609.0865452,297.2372091,0.349360005,diesel,0.171,126.0475841,78
2025-08-20T01:54:56.835756,411.0501189,662.7509368,0.002121392,bike,0.103,42.46040198,105
2025-09-08T21:51:56.835817,548.6452225,221.6553998,0.56157211,bike,0.103,75.58179927,40
2025-09-21T23:07:56.835878,679.6872345,141.7228186,0.419342942,bike,0.103,87.64041775,191
2025-10-04T19:32:56.835939,406.8710129,748.7497986,0.386962947,diesel,0.171,85.88646161,72
2025-09-20T21:21:56.835999,665.4224418,17.65291895,0.588638827,bike,0.103,92.74762935,188
2025-09-27T13:06:56.836060,93.39358077,351.8845118,0.368571777,petrol,0.192,21.97951198,156
2025-08-01T19:47:56.836128,420.0233366,721.9226209,0.199089988,petrol,0.192,90.43295239,147
2025-09-11T14:25:56.836190,309.364236,159.5292782,0.121906681,petrol,0.192,63.77540625,137
2025-08-17T17:43:56.836251,153.5038564,748.302529,0.25297559,petrol,0.192,34.11175248,124
2025-09-30T05:01:56.836312,606.5384128,131.7027426,0.219831211,petrol,0.192,131.8443132,158
2025-09-14T02:49:56.836372,130.2020402,47.66967788,0.342833558,diesel,0.171,26.85419785,81
2025-09-03T09:39:56.836434,159.5140651,533.2175814,0.002068722,diesel,0.171,27.40205552,196
2025-10-05T05:06:56.836496,129.9368767,161.8351593,0.201359587,petrol,0.192,27.99680363,45
2025-10-03T02:50:56.836557,358.6835055,386.635428,0.198809665,diesel,0.171,68.72526076,161
2025-09-12T12:01:56.836621,6.126571434,20.64751429,0.309638916,diesel,0.171,1.246465149,55
2025-08-23T02:23:56.836683,142.0874429,206.4831433,0.023801418,bus,0.27,38.96802117,110
2025-09-14T16:20:56.838017,575.8150389,722.2110304,0.291184991,bike,0.103,69.75825858,40
2025-08-02T05:57:56.838126,589.6735983,237.2899857,0.000171895,bus,0.27,159.292367,51
2025-09-28T23:15:56.838193,87.17536173,414.8493509,0.109800838,petrol,0.192,17.92525406,160
2025-08-28T22:08:56.838257,510.4215694,37.57839288,0.553233638,ev,0.07,47.59307353,82
2025-08-03T19:15:56.838319,471.0004791,135.8980755,-0.013979673,petrol,0.192,89.69943895,95
2025-08-12T14:08:56.838381,290.1613966,522.3783375,0.326752413,bike,0.103,35.81029324,107
2025-09-16T15:51:56.838442,29.95823408,774.2421901,0.307411716,bus,0.27,9.828267363,63
2025-08-11T03:24:56.838507,166.6098717,77.57253677,0.066370564,diesel,0.171,29.63863111,150
2025-08-21T21:39:56.838569,383.3032843,380.0718983,0.549582284,ev,0.07,35.7141891,153
2025-08-17T20:02:56.838630,228.1210333,549.8364501,0.575050275,bike,0.103,31.67962941,84
2025-08-31T14:10:56.838692,441.8714937,591.7463182,0.347979248,diesel,0.171,91.45833345,58
2025-09-07T06:34:56.838754,294.587692,462.6878105,0.491197653,ev,0.07,26.74050485,162
2025-09-07T13:12:56.838816,42.67251042,553.6404424,0.040991795,bike,0.103,4.56179804,119
2025-10-07T00:54:56.838893,364.2085614,797.221047,0.037891254,diesel,0.171,63.83500084,85
2025-10-01T21:17:56.838987,664.5419013,703.6811974,0.539577274,petrol,0.192,169.0783529,192
2025-07-31T22:56:56.839067,212.6780924,584.7036987,0.405471589,diesel,0.171,45.33996582,135
2025-09-24T04:23:56.839130,245.5482145,195.0415502,0.376337154,bus,0.27,81.33281458,142
2025-10-08T07:08:56.839192,157.9971056,55.32285417,0.487874182,petrol,0.192,39.22910362,174
2025-09-10T18:07:56.839254,489.8382869,264.4488018,0.434078873,petrol,0.192,118.6077469,96
2025-09-06T06:17:56.839315,359.7093825,104.4036477,0.236350454,petrol,0.192,78.88110282,187
2025-08-18T15:17:56.839377,43.58917648,555.2139313,0.068788258,bus,0.27,12.41091716,97
2025-10-07T01:00:56.839451,200.652566,587.6866406,-0.034434928,diesel,0.171,33.70109665,181
2025-08-28T21:30:56.839515,122.9120777,377.3195926,0.009424295,bus,0.27,33.4763676,185
2025-08-10T16:28:56.839581,365.442538,717.2597268,0.077591297,diesel,0.171,65.52827487,165
2025-10-03T22:32:56.839643,418.2647112,648.128872,0.229287686,bike,0.103,49.08400867,55
2025-10-08T00:39:56.839704,400.9139516,144.6281204,0.12471845,bus,0.27,116.38896,143
2025-09-29T04:46:56.839765,305.7606312,475.2395725,0.333274772,diesel,0.171,62.8377607,109
2025-08-09T15:30:56.839826,124.9512607,578.4573088,0.452236142,bike,0.103,16.43788982,57
2025-09-06T22:45:56.839888,252.9024692,483.8715435,0.201843342,petrol,0.192,54.54200606,48
2025-08-03T00:39:56.839953,186.9323875,266.2246952,0.312313227,petrol,0.192,42.67725576,108
2025-10-05T13:08:56.840015,565.5947562,708.7311964,0.480451378,ev,0.07,51.06865832,43
2025-08-14T01:02:56.840082,146.671302,106.3424342,0.36501771,ev,0.07,12.52464557,149
2025-08-29T09:30:56.840143,180.0778686,176.5208477,0.039781441,bike,0.103,19.00935627,180
2025-09-16T03:35:56.840213,472.7503489,191.2531073,0.442726274,diesel,0.171,102.3557788,91
2025-09-26T20:23:56.840280,288.0671605,167.7522219,0.584764665,petrol,0.192,74.75801626,124
2025-10-03T18:20:56.840342,262.389047,709.0305732,0.048391261,diesel,0.171,46.29603833,70
2025-08-16T19:35:56.840403,39.07176711,145.9664325,0.577386265,petrol,0.192,10.13836838,161
2025-08-22T11:52:56.840464,508.5517703,293.5691256,0.045697598,ev,0.07,36.59580018,114
2025-07-31T19:27:56.840525,445.6118258,318.6244393,-0.045570446,petrol,0.192,83.27763849,165
2025-09-28T21:36:56.840589,568.6422501,660.169097,0.466787711,bus,0.27,196.7620797,74
2025-08-09T14:32:56.840650,669.4480252,301.3411523,0.17050643,petrol,0.192,141.7473236,183
2025-09-19T08:31:56.840711,174.7293348,253.5540974,0.47573711,petrol,0.192,43.18663705,81
2025-08-24T14:30:56.840793,610.0493578,628.0669258,0.127903997,bus,0.27,177.5364143,45
2025-08-17T04:35:56.840856,597.4771224,262.5280579,-0.015047997,petrol,0.192,113.7298137,191
2025-09-22T17:47:56.840917,84.84710627,249.6512357,0.47155742,diesel,0.171,18.66867909,117
2025-09-23T06:35:56.840978,230.8470099,529.850991,0.438686345,bus,0.27,78.91505527,111
2025-10-07T03:45:56.841040,219.7307641,686.8051636,0.035596487,bus,0.27,60.78381047,168
2025-09-03T16:35:56.841101,474.7285456,201.8517889,0.517478046,ev,0.07,43.56730208,143
2025-08-08T23:37:56.841165,62.61835854,155.6280265,0.483358891,petrol,0.192,15.54804581,81
2025-09-09T11:58:56.841227,281.8534014,462.2623772,0.150118181,ev,0.07,21.54208646,172
2025-10-01T01:05:56.841290,496.8627865,84.32110192,0.49525501,bike,0.103,66.39549275,151
2025-10-02T14:36:56.841359,100.2539873,243.3934911,0.040510449,bus,0.27,27.79382624,121
2025-09-09T00:07:56.841421,228.9493889,56.73276759,0.17736744,petrol,0.192,48.64839541,89
2025-08-17T15:29:56.841490,174.9054603,753.6465756,0.143877095,petrol,0.192,36.63803523,135
2025-08-26T12:02:56.841552,8.489993089,435.4058696,0.584256232,petrol,0.192,2.31441234,118
2025-10-06T10:06:56.841613,120.9458606,133.9677956,0.250685806,diesel,0.171,23.81886787,198
2025-09-27T23:01:56.841674,97.72174471,786.1916327,0.112482379,diesel,0.171,17.98170688,140
2025-09-19T12:09:56.841748,291.1868121,337.7537871,0.460291549,diesel,0.171,63.61821453,74
2025-09-16T21:46:56.841810,454.4742326,335.175819,0.247718601,bike,0.103,53.80805064,169
2025-08-08T03:05:56.841871,225.2773254,476.8400926,0.597227394,diesel,0.171,52.43716857,108
2025-08-30T00:53:56.841935,242.1667711,43.78616554,0.082757369,bus,0.27,68.64409324,105
2025-10-02T08:24:56.842001,359.5725655,225.1143857,0.484448273,diesel,0.171,79.40892849,196
2025-10-08T21:26:56.842063,613.4585423,578.2276805,0.10069684,ev,0.07,45.57949951,40
2025-10-01T20:36:56.842125,170.2800806,58.40287432,0.433618577,petrol,0.192,41.21388326,67
2025-08-20T08:44:56.842205,25.87757133,795.4642421,0.101273427,petrol,0.192,5.432409102,126
2025-10-08T21:13:56.842279,28.2315346,313.4487157,0.47156116,petrol,0.192,7.031310063,152
2025-10-07T02:12:56.842609,570.7353984,701.9617013,0.452569276,ev,0.07,50.86244488,69
2025-08-03T16:54:56.842803,27.35070972,646.4542537,0.158470941,diesel,0.171,5.242724246,46
2025-08-22T20:35:56.843008,547.9676009,709.2020213,0.209117621,petrol,0.192,118.5637624,153
2025-08-30T15:07:56.843080,374.7279852,687.0091439,0.161822873,petrol,0.192,79.07816334,81
2025-08-13T19:41:56.843144,13.77427374,723.3082821,-0.005378367,petrol,0.192,2.774553222,111
2025-09-09T22:31:56.843212,96.77761612,430.0677006,0.070198193,bus,0.27,27.35153084,102
2025-09-19T13:21:56.843291,254.9276847,350.9180002,0.585372568,petrol,0.192,66.22818382,165
2025-09-02T05:59:56.843373,376.391879,671.9982085,0.170559843,ev,0.07,29.09557355,185
2025-09-19T04:11:56.843463,220.9256073,539.2140279,0.498804662,bus,0.27,77.69126679,61
2025-08-25T07:57:56.843599,87.56837267,56.42851007,0.541129177,ev,0.07,8.125222219,164
2025-08-18T12:02:56.843671,381.6969789,62.28521569,0.571041324,bike,0.103,52.79362372,60
2025-09-04T12:04:56.843734,338.5130408,169.8285133,0.025112945,diesel,0.171,58.78741692,139
2025-08-23T00:50:56.843796,11.05248395,642.385041,0.587515974,diesel,0.171,2.70477923,110
2025-09-16T06:52:56.843858,264.5606978,314.6565363,0.303960961,petrol,0.192,60.13102361,110
2025-09-08T13:41:56.843920,217.905629,402.6761045,0.467686365,petrol,0.192,53.67709357,71
2025-08-12T12:40:56.843981,109.8855091,437.6362765,0.006840226,ev,0.07,7.754314861,185
2025-09-04T21:23:56.844042,28.82819617,219.1904796,0.571172154,diesel,0.171,6.669345709,83
2025-08-14T16:04:56.844102,31.12697615,143.2759515,0.204941566,diesel,0.171,6.004732846,108
2025-08-28T17:51:56.844163,686.8990466,305.2931993,0.45390245,petrol,0.192,167.8768474,193
2025-08-17T01:31:56.844232,443.6509779,360.2259871,0.295221173,ev,0.07,36.58620762,110
2025-08-31T10:56:56.844294,487.8964201,739.2583911,0.483210657,bike,0.103,64.92131807,100
2025-08-03T09:30:56.844358,648.4894856,495.3344354,0.486124516,ev,0.07,58.67940953,197
2025-09-29T03:10:56.844423,170.0448986,340.7980156,0.579032836,diesel,0.171,39.25835861,90
2025-08-20T11:25:56.844485,410.9717349,420.8660147,0.443552056,bus,0.27,140.6367958,67
2025-08-19T09:59:56.844547,330.4444839,378.0123543,0.195845935,petrol,0.192,70.98175506,153
2025-09-20T04:21:56.844794,140.3424971,329.8931898,-0.003019984,diesel,0.171,24.01139135,113
2025-09-28T07:02:56.844874,169.3218674,309.4457936,0.002377528,ev,0.07,11.89113066,149
2025-09-11T08:06:56.844940,162.8877183,679.1390956,0.208226457,diesel,0.171,31.4643806,101
2025-08-22T15:37:56.845002,648.3156323,129.3556426,0.577791008,petrol,0.192,167.6629244,124
2025-10-08T16:46:56.845064,198.3751754,64.76298889,0.519798988,diesel,0.171,44.51630446,81
2025-08-18T07:59:56.845126,419.961722,161.0110305,0.528653804,petrol,0.192,106.249425,196
2025-08-25T18:29:56.845187,351.9037302,466.5022588,0.326327458,petrol,0.192,80.90171172,147
2025-08-14T15:06:56.845267,349.9400638,173.2633485,0.517206826,petrol,0.192,88.08229031,129
2025-08-25T23:25:56.845328,484.2998242,209.4008801,0.355756479,diesel,0.171,100.5359621,170
2025-08-29T18:35:56.845390,398.6998828,609.7396697,0.477674367,bus,0.27,138.7134734,102
2025-09-25T02:16:56.845452,594.0817703,290.6042813,0.466057837,diesel,0.171,130.0590973,156
2025-10-02T13:17:56.845513,519.3974739,644.0778496,0.499275772,ev,0.07,47.3079628,101
2025-10-05T20:39:56.845584,281.9115136,539.0049838,0.242727751,petrol,0.192,62.12844788,196
2025-08-11T06:28:56.845646,444.6861546,149.1358439,0.437090134,diesel,0.171,96.01567244,82
2025-08-22T10:35:56.845725,205.0459103,598.8869669,0.263690803,petrol,0.192,45.7307102,102
2025-08-20T14:05:56.845786,500.8723889,765.707866,0.227618279,bus,0.27,153.9397702,69
2025-08-28T06:42:56.845848,368.0094888,565.8231295,0.11391237,bike,0.103,40.5579479,137
2025-08-29T10:55:56.845909,144.9800451,0.754732214,-0.024477716,petrol,0.192,27.42749193,126
2025-10-05T13:47:56.845970,271.9989132,110.6945607,0.429809376,petrol,0.192,65.71829073,59
2025-08-16T07:46:56.846032,490.9051237,684.4408987,0.221889222,diesel,0.171,95.25326207,122
2025-09-24T16:42:56.846094,48.84005576,717.9178547,0.027597657,ev,0.07,3.52650088,51
2025-09-15T00:56:56.846155,418.5213525,314.9084162,0.257733179,bike,0.103,49.81132132,87
2025-09-04T19:27:56.846217,596.1326178,67.41149292,0.181460505,petrol,0.192,126.9335202,108
2025-08-29T05:47:56.846277,116.6843425,565.2833032,0.297976049,diesel,0.171,23.63428175,54
2025-08-10T00:24:56.846339,149.0103576,33.19786041,0.159343898,petrol,0.192,31.3522683,50
2025-08-10T13:38:56.846400,467.1822858,348.3170587,0.569528074,bike,0.103,64.61124957,53
2025-08-06T19:07:56.846468,65.80765276,425.7782999,0.48406702,petrol,0.192,16.4102943,184
2025-09-17T15:16:56.846536,373.1971646,451.5332702,0.340379078,petrol,0.192,86.39193935,180
2025-09-24T01:17:56.846599,628.9503373,466.1489172,0.030669789,ev,0.07,44.86992501,51
2025-10-09T06:40:29.081816,786.856,798.3148651123047,0.004188516209887583,diesel,0.171,61.16883474790712,33
2025-10-09T06:40:32.466065,976.113,1072.8433685302734,0.005606785978215401,diesel,0.171,61.16883474790712,30
2025-10-09T06:40:35.945150,809.014,927.2636413574218,0.002290699133927543,diesel,0.171,61.16883474790712,37
2025-10-09T06:47:50.872389,7.857,29.8192138671875,-0.14531754574811628,petrol,0.192,2.40884184586968,47
2025-10-09T06:47:53.909132,7.563,29.8192138671875,-0.15358361774744023,petrol,0.192,2.40884184586968,47
2025-10-09T06:54:10.524475,148.553,81.29510498046886,-0.11442832054718555,petrol,0.192,21.133038063963518,49
2025-10-09T06:54:14.145208,182.605,194.20785522460932,-0.08097779059705801,petrol,0.192,28.264385369247943,45
2025-10-09T07:12:38.813049,148.553,81.29510498046886,-0.1046307422127738,petrol,0.192,26.746226906095973,49
2025-10-09T07:12:42.124369,159.931,175.61990356445312,-0.07270157807961053,petrol,0.192,29.39954256898091,48
2025-10-09T07:20:54.267661,148.523,67.55081176757807,-0.0909430090476635,petrol,0.192,26.972656843707735,45
2025-10-09T07:20:57.549403,147.338,77.8283081054688,-0.0857979778890674,petrol,0.192,26.846791741727817,46
2025-10-09T07:21:00.662028,159.931,175.61990356445312,-0.06108188741461884,petrol,0.192,29.61385942748038,48
2025-10-09T07:32:49.357937,147.338,77.8283081054688,-0.06037985448360583,petrol,0.192,27.27845002579417,45
2025-10-09T07:32:52.567451,148.523,67.55081176757807,-0.06491931722787059,petrol,0.192,27.41812080933882,45
2025-10-09T07:32:55.869286,159.931,175.61990356445312,-0.02747899819423727,petrol,0.192,30.233640612870754,48
2025-10-09T10:27:49.451666,160.782,221.23318481445307,0.00601025278416123,petrol,0.192,31.0240963705189,44
2025-10-09T10:28:27.339476,101.332,221.25503540039062,0.00877639277537523,petrol,0.192,19.600899415235613,43
2025-10-09T10:29:14.590288,23.432,101.16796875,0.03426395939086291,petrol,0.192,4.611258561738579,46
2025-10-09T10:29:16.658315,22.795,97.84283447265625,0.05031645569620258,petrol,0.192,4.528123173468899,46
2025-10-09T10:29:19.161315,22.892,108.698486328125,0.08780639156065773,petrol,0.192,4.648792989850295,46
2025-10-09T11:17:06.173572,15.052,64.15020751953125,-0.038108356290174505,petrol,0.192,2.835939691164127,47
2025-10-09T11:21:52.679116,22.77,120.0689697265625,0.019201920192019273,petrol,0.192,4.445527475760857,46
2025-10-09T11:22:17.034772,29.593,0.0,0.02893890675241151,petrol,0.192,5.780512020578778,42
2025-10-09T11:22:19.151777,22.552,105.29443359375,0.07266334602988578,petrol,0.192,4.539860607150967,46
2025-10-09T11:24:21.575719,19.757,75.1435546875,0.04815950920245404,petrol,0.192,3.9177998082630374,41
2025-10-09T11:25:05.046762,20.251,63.92254638671881,0.09011452682338761,petrol,0.192,4.1113582705957565,
2025-10-09T11:25:05.228453,22.144,0.0,0.0766782407407407,petrol,0.192,4.447253333333332,
2025-10-09T11:51:52.402618,17.491,38.42687988281273,-0.006384213580963416,petrol,0.192,3.3527577440238683,49
2025-10-09T11:52:41.155305,101.101,216.410888671875,0.02900937420825933,ev,0.07,7.215663259030854,42
2025-10-09T11:52:45.425196,101.332,221.25503540039062,0.03472398880691929,ev,0.07,7.256833884306556,42
2025-10-09T11:53:40.703627,9.644,46.68072509765625,-0.027287319422150902,ev,0.07,0.6672414773415557,47
2025-10-09T11:53:43.225085,13.427,66.845458984375,-0.03851174934725854,ev,0.07,0.9227429751789302,45
2025-10-09T12:28:55.965679,22.795,97.84283447265625,0.018670886075949467,petrol,0.192,4.444665721110315,44
2025-10-09T12:28:58.828701,22.892,108.698486328125,0.040024821594787374,petrol,0.192,4.522187097294834,43
2025-10-09T12:29:01.463962,29.184,128.35699462890625,0.03269586674892033,petrol,0.192,5.738379407167644,40
2025-10-09T19:39:11.466869,29.184,128.35699462890625,0.036705737199259625,ev,0.07,2.097054119870524,39
2025-10-09T19:39:13.658927,22.892,108.698486328125,0.05181507911883343,ev,0.07,1.660103780540985,30
2025-10-09T19:39:15.787139,22.795,97.84283447265625,0.13132911392405067,ev,0.07,1.7287718625285478,31
2025-10-09T19:54:41.008668,101.722,188.46722412109375,0.05186020293122895,ev,0.07,7.355706801152967,38
2025-10-09T19:54:43.362711,101.332,221.25503540039062,0.08191299923683548,ev,0.07,7.45810618397097,38
2025-10-09T23:32:10.117691,575.203,943.4391784667969,-0.011794178911219921,ev,0.07,40.04485342681788,46
2025-10-09T23:32:12.657685,612.758,922.7298278808594,-0.004343158305680217,ev,0.07,42.84570796048258,49
2025-10-09T23:32:14.994551,679.753,963.37890625,-0.0002052498346598597,ev,0.07,47.64427841262024,48
2025-10-09T23:32:54.903882,101.722,188.46722412109375,-0.08179882249780779,ev,0.07,6.783614144484826,35
2025-10-09T23:32:57.254220,101.332,221.25503540039062,-0.03930297634189772,ev,0.07,6.941091354913868,34
2025-10-09T23:33:11.031994,161.172,210.59564208984375,-0.055881066899868825,ev,0.07,10.918015966757183,32
2025-10-09T23:33:13.811451,160.782,221.23318481445307,-0.028106770372989254,ev,0.07,11.080164524950767,32
2025-10-09T23:33:16.150061,179.673,208.82803344726557,-0.011433597185576128,ev,0.07,12.50534671510625,32
2025-10-09T23:34:22.496850,89.826,92.65444946289057,-0.07871802080404833,ev,0.07,5.997020633974158,21
2025-10-09T23:34:51.364239,138.396,83.92346191406261,-0.046380749078206884,ev,0.07,9.42383693387082,25
2025-10-09T23:34:53.733152,131.613,77.24697875976562,-0.030510702215546415,ev,0.07,9.049562888282235,23
2025-10-09T23:34:56.011724,133.52,145.94165039062494,0.05735101812068,ev,0.07,9.678582784879138,23
2025-10-09T23:36:15.130683,18.764,88.82513427734375,-0.21540221120853986,petrol,0.192,3.151922112270063,21
2025-10-09T23:36:17.372360,20.113,79.66461181640625,-0.27482447342026073,petrol,0.192,3.2376962996121175,19
2025-10-10T19:00:06.495082,25.193,123.9510498046875,0.11897106109324751,ev,0.07,1.8986899237480535,38
2025-10-10T19:00:08.546816,29.184,128.35699462890625,0.21000617665225452,ev,0.07,2.3104075825105594,32
2025-10-10T19:00:10.478247,22.794,97.84283447265625,0.24635845471817608,ev,0.07,1.8392921575198715,39
2025-10-10T19:02:02.096165,41.907,84.90078735351562,0.30864992487658305,petrol,0.192,9.555528768272346,37
2025-10-10T19:02:04.332164,45.492,138.90728759765625,0.23315467075038288,petrol,0.192,9.986753814990008,39
2025-10-10T19:02:06.410725,45.648,135.3787841796875,0.2803263825929283,petrol,0.192,10.268918814460847,39
2025-10-11T09:58:58.501379,560.729,388.0632019042969,0.0013005626924302849,petrol,0.192,107.81854539897529,38
2025-10-11T09:59:01.578328,593.141,520.804748535156,0.022002593801708326,petrol,0.192,115.48782037935702,63
2025-10-11T09:59:04.392712,703.352,477.15173339843756,0.004945390264946559,petrol,0.192,135.53617490582386,37
